x,y,z
-0.2509207492821728,0.9014323858833969,0.4639887980575333
0.19731734116569277,-0.6879644921554445,-0.6880125062181865
-0.883836359880514,0.7323540884640182,0.2022302978357047
0.4161460465700499,-0.9588356284543962,0.9398260662526224
0.6648878707290943,-0.5753249238029913,-0.6363537070179176
-0.633193949605498,-0.39151696325877433,0.04951304121212865
-0.13611022766458586,-0.4175439491478416,0.2237056837180999
-0.7210153846388163,-0.41571177886909705,-0.2672776537454845
-0.0878601443200085,0.5703532697025449,-0.6006538809214192
0.028469719568314605,0.18482880299084037,-0.907100496440176
0.21508921054651747,-0.6589517716051455,-0.8699000476779636
0.8977733959345806,0.9312672780241311,0.6167959075161601
-0.3907726807828681,-0.8046594846458232,0.36846771766664826
-0.11969575375614047,-0.7559268800990447,-0.009647470224904661
-0.9312266258927304,0.8186436194952245,-0.4824410176718644
0.32504594359396954,-0.37658002571487736,0.04013556698081261
0.09341924249763493,-0.6302929525772227,0.9391731670887463
0.5502668327411788,0.8790008680204563,0.7896586602611898
0.19579879685660276,0.8437506400677393,-0.8230180820839501
-0.6080360849042854,-0.9095491524727918,-0.34933849489095964
-0.22264704028993623,-0.4573030851668018,0.657476467743113
-0.28649523428645085,-0.43813286719829586,0.0853915056389973
-0.7181540596939026,0.6043959384884594,-0.850901383282051
0.9737774990960166,0.5444910389283195,-0.6025692083031852
-0.9889594348224685,0.6309241708295438,0.413715505294718
0.4580148772586117,0.5425425660780514,-0.8519146072923042
-0.2830682801788799,-0.7682656140522297,0.7262086054100293
0.2465973801478118,-0.338206125738639,-0.8728878702294706
-0.37803805272039326,-0.3496339327297237,0.45921453937362405
0.27511525203175763,0.7744329002963526,-0.05556660526793508
-0.7608150106344548,0.42648996566264286,0.521571509208294
0.12255439393127486,0.541936783872677,-0.012408432516448086
0.04546469899803001,-0.1449182916861622,-0.9491662179221715
-0.7842204502423052,-0.9371456649756996,0.2728209348478705
-0.37128937208393326,0.017141992015476143,0.8151362610660888
-0.5014183980941564,-0.17923414081125702,0.5111045277497781
-0.542403840276201,-0.8460435511206338,-0.4204973271574858
-0.6775592603690064,0.8593990038568295,0.616242398269808
0.2668077153491002,0.7429241778980689,0.6073460022991672
-0.6268614412553334,0.7851208878608195,0.0786860602832348
0.6148853040705725,0.7921879382040378,-0.3640000473258074
-0.7798996656560939,-0.5441312748450203,-0.14578517373139485
0.636031177644498,0.7214634150661352,-0.9860989330499356
0.02149403036162864,-0.16517869977396613,-0.5557872804006605
-0.7602719538479669,-0.3247699938183736,0.8858217237122623
-0.35359625790901156,0.03758210700146498,0.4060395386579444
-0.27274212016312294,0.9435668868515092,0.9248971109041123
-0.49643727348113936,-0.0055034846880684446,-0.3982443787242942
-0.43032007358284113,-0.9262310090092206,0.21912867940675385
0.0053582628626431825,-0.8970445352693466,-0.4427077482067057
0.8165363709688106,-0.5208777360535856,-0.7102134910276515
-0.021094787378904432,0.9713051316019703,-0.515890849108908
0.3442713641378632,0.5232401246060423,-0.5247255544008693
0.4564343224557033,-0.26443420107193505,0.26461274035259447
0.26706002314834176,0.07154982498218325,-0.8194238957159431
0.6706032539610911,-0.3584389904676375,-0.6269601333000815
-0.9184538400426419,0.18178742505026224,0.3551294608009251
-0.9668281979995467,0.024185530110036733,-0.5470099025938262
0.29034500346034264,-0.6512739785634045,0.38187878519510543
-0.22653023537662126,0.873463803729572,-0.7249599101804782
-0.31786783250744244,-0.7730564664782233,0.8493918290480515
0.7546821693896164,-0.48411868537294556,0.3199692544439898
0.6344463031316603,0.11040194483770348,0.05930115063547214
-0.5162976206326807,-0.8137984994999197,0.794434563617478
0.8008397974442697,0.266204150228557,-0.3219411087278061
-0.30158195979370556,0.45191273850981195,0.7942236208650663
0.7741772066978448,0.5597523778844421,0.28406231144794525
-0.8317222520005487,-0.6767441798044637,0.7971105266510262
0.21285804134047245,-0.9816100955094547,-0.797059465632805
0.3270046453292836,-0.9898810248978192,-0.6783848776001068
0.09746668611818987,0.3837930353302389,0.30392404664320205
-0.5514626376947003,0.4243599401724609,-0.525504370759702
-0.3492018103407109,0.49298512796917315,0.2992668842286757
0.6984492233938112,0.31522775480683424,0.13661678264313692
-0.8126540411190074,-0.26456914764796724,-0.4695967771887031
-0.5120241246638657,0.9460245485434401,-0.2138055904376534
0.7840939446570424,0.26227889769070717,0.5896244008057578
0.005274630224551507,0.15380865775342822,-0.014964899896660186
-0.609517411388547,0.44490649348083394,-0.43845509483359274
-0.9513672883284253,0.29093782476674074,-0.645780814685216
0.8809190936511396,0.9078601778476056,0.8297311747854522
-0.25968301238994274,-0.969090497438922,0.8566397950116894
-0.1436311018871095,0.933312279244725,0.9272425677343007
0.7060214085016319,-0.41110403644345045,-0.2298044818981635
0.7022816643786481,-0.36615712957775154,-0.6610219679289357
0.11360250019915909,0.8723132703876083,0.39206144488522404
0.14012296542124367,-0.8056506163567375,0.2300149296039561
0.9801118087444121,-0.7198340327251048,0.03665987854196178
0.7547489621554805,0.48153905351342224,0.3940327214526365
0.40496926307119135,-0.2810200444372949,-0.4128171005373076
0.6187238869274153,0.6202293899752741,0.7341481473305025
0.8264851283410354,0.022684560088859124,0.0030322103804531902
0.5965929735210989,0.2999295735975876,0.40393467052260373
0.5915833850605455,0.7800123194222474,-0.32400472594593205
-0.24883598453991557,-0.812041430604854,0.15656104415814215
-0.9281200945282432,-0.06880503542066962,0.08528984381205022
-0.42691644442652416,0.18166617420037465,-0.9390066309649092
-0.9253071644353646,0.6452028031113516,-0.2796189024037646
-0.7458817893901665,0.04448672303223868,0.5399893938267556
-0.5683614070769746,0.24578172482327582,-0.8293075878590428
-0.8966407886595156,0.06271042888127112,0.08127076166350936
0.27486025710975065,0.45218389776343815,0.9517086279167104
0.0325981718213886,-0.35408603936950195,0.5903717578200571
-0.458336996586844,-0.12205850020526154,-0.8430916893142694
-0.9493011541143728,0.9252994061737685,0.6719615313922447
0.39195013217602354,-0.18209657627492168,-0.6534170337331258
-0.6871294306544017,-0.4995164063181918,0.09845377524654524
0.42919315977329153,0.320396092339518,-0.440133472102659
0.9097348083967106,0.4757953907481522,0.10870772112602255
0.22344019979010463,-0.16080155060777054,-0.5045405908538821
-0.28805396517706394,0.515691910399352,-0.9712172773400413
-0.7678571163683907,-0.9079975496160116,-0.9185445702774281
0.7109238888997219,0.40731764689039024,-0.0516530847632041
-0.8043350505991744,-0.016768606587464447,-0.05305643247148751
-0.6535991598558563,-0.13229740555761524,-0.20299152167533924
0.23170069079999767,0.2701887197782827,-0.9093958251762302
-0.2507768881686095,0.251720513618879,0.006273467336729638
0.7129825409063116,0.3173881069411305,-0.6741339124862922
-0.8588656042380713,0.2848384065893513,-0.9469809601355614
0.17155177101771013,0.8804638909794898,0.15094858600119865
-0.22366133058231916,0.28657887903855245,-0.08349539843767871
0.09123399812407229,0.8829330050265669,-0.22779376846656726
0.9223836755367765,0.8107040571080877,-0.6084188665484338
-0.8612805991747975,-0.79844508203338,-0.9635589173184482
-0.8111167160927504,0.36601482097601623,-0.8576250258479483
-0.3620507027898407,0.6897551122616625,-0.9534598729318217
0.6289391026575204,-0.4362918550810927,-0.7636745292297774
0.3934750575694541,0.2578872568574401,0.7549476496814199
0.47014386588476503,0.6069644636706358,-0.4359313440980844
-0.6451227803124879,0.5012302136884296,0.6136716450126027
0.9810165368447611,-0.17477005142602045,-0.2559711974214489
0.5528285809037706,-0.3183934493057982,0.8615181187661815
0.7168285671587489,-0.142012700716534,0.5017438989951245
0.5090884717280825,-0.79375674239744,0.805109453508295
0.010504833616422366,0.6529171317756527,-0.3599021507705384
0.7910493057163277,-0.2215969005801338,-0.9783284521290699
0.8107664749314316,-0.8174292775132589,-0.3613729999546208
0.9001266506517009,0.9012169912699859,0.14687661117768705
0.26367358676761415,-0.10310886872519322,-0.41357819381805283
-0.34267162448556093,0.3450381004659742,0.5047509787783654
0.5831606770881518,0.5792387339113756,-0.8175909191219547
-0.011158879208261337,-0.8848877851114784,0.09905468568749907
-0.1169369494237283,0.7753986153272371,-0.29816830506892056
-0.7658688372076471,-0.7140189308634584,0.5230227006373633
0.23643600168543322,-0.7977580570447156,-0.8317886560071975
0.40194165537981213,-0.8544764654226874,0.6437192384213962
0.41248322538981,-0.837305581114498,-0.8303247605973536
0.9732836950385854,-0.2514627683342433,-0.2587167828287237
0.6256004127644937,0.8944995915813432,0.9720053438297378
0.5067569230777405,-0.24747998628439546,-0.8330016823055351
0.5542957613921508,0.11680942009924317,-0.15155651386103355
0.8127109612560417,-0.7776080322898279,-0.014749164796389396
-0.9772955724120327,-0.06267915146748292,-0.8873957651626163
-0.762368986702369,-0.7649492723255139,0.2984210343683227
0.4920912041195092,0.16673811343965614,0.924350314916126
-0.25026111771073833,-0.42857570116595467,0.7372033902794403
-0.5528098661478699,0.926447749388558,-0.9756934735013859
0.9397602530479315,-0.9136819159374556,0.7822868366536863
0.05540199726886258,0.9859334313167167,-0.8524092851574571
0.10770798135781003,0.93860954991541,0.046195193665719336
0.25879826894212393,0.39149916432477233,-0.09091815653702359
0.25511622216420987,0.1686306236665925,0.8023203648272108
-0.9091108983143961,-0.4380737859033773,0.9008251606508213
0.780531103271707,-0.0886878316808099,0.24026471556591888
-0.4452395378089802,-0.6237600093753427,-0.07260403428061168
-0.2932954633659195,0.16731306998389572,-0.8445343023836791
0.9487922360532193,0.9724244192547624,0.39632417705685496
0.07219581229793665,-0.38094762860396153,0.6275946233400251
0.36946833428981785,-0.6747716155321324,0.8218562998494109
0.645076069183421,0.8996035177566872,0.45143986640642286
0.22683171449472936,-0.16351442907848784,0.8654624866217447
0.7321300226590304,-0.9095648433238916,-0.9472691835305924
-0.2470741334225907,0.6211084613145291,0.9745558832914114
-0.6991695324526944,0.18826229111102816,-0.23821860167747735
0.9398322177595229,0.6842365017451745,0.6766617473338613
-0.0626149425594911,-0.1703618419963079,-0.4531868689315381
-0.8872522762892529,0.7294464248115436,0.6258034486174572
0.9994387657226369,0.9932771350165838,0.11086347838964274
0.5379755374320535,0.8895351739442112,0.6992950417398046
-0.5053066125239568,-0.09891250761096336,-0.7416830934015315
0.9081067509608456,0.21234973153723777,-0.542716020687458
0.3434023671422092,0.23625820181993643,-0.28367501202626255
-0.7728883056423096,0.34314786358873206,0.04061570431086644
0.5446396969058831,0.040325751904280616,0.7043655330939739
0.10381202929858434,0.12187670015923587,0.7533104084383769
-0.1930343457823028,-0.7319713225678725,-0.9424389513121111
0.5102748126061951,0.24061912279663228,0.4081607351990789
-0.574073359872325,-0.7272582235945391,-0.9709152767789584
-0.29882691168391545,0.17983559941996632,-0.21551303994991924
-0.12505449205855734,0.8083338337136452,-0.30349165980577597
0.027978768542447283,0.5673081096371425,-0.20691471608135517
0.2441725852643879,0.7247293847256531,0.8990418518152666
-0.7058561054064965,0.8531787297766378,-0.015767799319881877
-0.48351248723782686,-0.08172818195850225,0.9600689352102126
-0.014763817051265112,-0.34249846511639553,0.26680387624703283
-0.5197099271520659,-0.8482787146006827,-0.7422443498605883
-0.7439121720825501,-0.6961960302925168,-0.7223474007616806
0.28175006679895226,-0.6362425845352833,-0.3086651256307907
0.7935809194753136,-0.052076911596691144,0.33511779141955994
-0.655363030553789,-0.6154218385083047,-0.918266007043667
-0.6621329756558165,-0.442819084629537,-0.6459808188229008
-0.8225968336844489,-0.7587306785297374,-0.07844254050130553
-0.5873366548238135,-0.27146337485843364,0.0068434721909170805
0.3807903644230456,-0.9213823430366432,0.5988198040382781
0.2557988610855254,-0.8364853583702085,0.7471601636389447
0.8417480474992588,-0.8778480232459742,-0.44624687465067614
0.6124053839938843,0.4965217670427218,-0.6309599096812245
-0.5813025072581781,-0.2590531601429642,-0.030963817705058672
0.23651131601368922,-0.2621750686324052,-0.07493146790588194
0.494943283751207,-0.9266375705427904,-0.4951269004785577
0.4267010417596443,0.7904169859613214,0.02335530229809893
0.06422694570876668,-0.7856585069870813,-0.10517436852367554
0.0652343168940511,-0.5150597300805987,-0.4615149426730649
-0.24543348069558166,-0.9598615263808258,-0.3558414254592213
-0.5771060760202492,-0.3450057045189567,-0.760478700141578
0.7810584122794895,0.1871849202860848,0.3582059137812533
0.5783447000421427,-0.003115028997480906,-0.8261629341823199
0.07421314389681447,0.17368382362522528,0.49088166424806623
-0.13668245500119236,-0.7448412134165351,-0.4324486722391756
-0.2738370435097967,0.29183656790163515,0.14155817587182318
-0.2878072927507515,0.973034207759788,0.21155005020230466
-0.5255482540928371,-0.7964355399905132,-0.6942813575105805
-0.5080857378617641,-0.6786378327682406,-0.6268669405505389
-0.4298109996145574,-0.6532535981572472,0.7935348081654967
-0.8395368629875412,0.049022993337190485,-0.17920730354489386
0.9647616724630872,-0.7759270222513985,-0.20428988000344153
0.9389441022053984,0.7310189135014942,0.6341429035886309
-0.48419580305621546,-0.6582266171740471,0.33728757919649616
0.8587569839697687,0.1135260022824125,0.14322557140034273
-0.4400431531406664,0.5389879618168744,-0.6259142071808449
-0.3526442764193637,-0.1491256908213704,0.015218811566400776
-0.5151822334143821,-0.7703290879772278,0.2212390983036713
-0.4227407269901983,0.1624769180967807,-0.6912762228591472
-0.03772059863485345,0.06517812441712464,-0.8963565881980766
-0.3267926407457077,-0.731172153600702,-0.8732532027216069
0.9799241077224471,-0.3552932912906934,0.6197507293464168
-0.4907210175463378,0.36300634117839614,0.5204575187514365
0.19127760969633578,-0.0568472058401129,-0.1763187209546392
-0.3022646522322692,0.859061407374302,0.6612410128271239
0.9300568897923013,-0.7514070811700645,0.4617368289963139
0.8766842179374121,-0.6375355559945921,-0.8670104311806248
0.48224200946867724,0.14894695452771825,0.6836594986818801
-0.7204582231158982,0.5905366671174503,-0.5967470786009306
-0.6726902889690969,-0.6714699799139543,0.6291517593291052
0.3303954859635869,0.046131826611060855,-0.28233929013408954
0.7544044470572273,-0.2151111124652841,0.6332017190446301
-0.12173064502908858,-0.24611221756697924,-0.07464243169747352
-0.3972458671533913,0.4952212456004678,0.00544100105741767
-0.5355765757465724,0.7991513232147783,-0.23221880096695113
0.08710492167336703,0.812946740020104,0.24847673979119073
-0.7662064686741887,0.8796674905541496,0.2554170186460121
-0.3301896426796046,-0.7214587966856469,0.5880515365333813
0.24014543937544344,0.06692132423237063,0.7877890209977209
0.5771959438228443,-0.6966529585708633,-0.376556065055768
-0.5030244947280922,0.4878940753064346,-0.9329389902424244
0.1397796981414274,0.5249261264682441,0.7535334346593954
-0.31583730148791905,0.6425179019068182,-0.7787345233305643
0.6929068512254476,-0.7450250904739412,-0.2054255109375752
0.5945923568290509,-0.7001688070508416,-0.5414986565173722
0.444506691501716,0.4400765326808925,0.28229622272808175
0.3878985982601287,0.08545065083222252,-0.49640394024979406
-0.30860795118130935,-0.6368053975087956,0.8169051765734889
0.1667825228854856,-0.19829699998085384,-0.07598903856807941
0.8945696309822095,-0.6932989937155261,0.17246077337836208
0.01177650471389689,0.22291137460742094,-0.9637864335337827
0.7442489716572743,0.8642398295812965,0.13026697298684728
0.3933024702408202,0.8450022820946096,0.4144782460567295
-0.6949246907366433,0.1525779213491857,0.21343100428649314
-0.1517392274578908,0.47289000410285326,0.8687374947913068
0.8511407350582899,-0.09832102994070523,-0.773526571784227
0.9696853175794924,0.6777983391376635,-0.7506768515484833
0.84168676659981,0.7397942953295827,0.03767582259608458
0.18255100681182257,-0.20199385329987188,-0.8904816336697491
-0.32960624639736463,0.6057087399275943,-0.9907415176435628
-0.3330035667800362,-0.20366429364888253,0.07479280413894623
0.8397144920436698,-0.30730945627082873,-0.3060945225293405
0.47500596661785494,-0.09556315082123908,-0.5507925847966451
-0.09512227406201053,-0.718287133141178,-0.6472277525072639
-0.003265385026924628,-0.16214861405363395,0.8296963050127472
-0.27521382639847075,0.16117776574447829,0.2645301843245408
-0.9738195780747207,0.32708306851758734,-0.6439293129983464
0.9221421439094223,-0.7026760171179304,-0.17075081124999608
-0.8293035149889074,0.9937519020833444,0.004390007411253926
0.1907714817094587,-0.865850886448811,0.4999204770175515
-0.5801906148421616,0.7961118424634513,-0.5897223687101089
-0.6186265658138417,-0.926904180051395,-0.055866348706972206
0.1296797291392243,-0.8685865840387504,0.551058178908429
-0.09342311609558525,0.048780373906249924,-0.11847543859261384
-0.1984740816055412,0.11928099426268556,-0.6895217135896659
-0.6361435905339615,0.7235728847835782,0.892233116540942
-0.2533835369523941,-0.45851323899178914,0.287999778165176
-0.18253259423667362,-0.949231180694453,-0.6876965526957991
0.43194590896150037,0.3178491678827054,-0.9458120938742438
-0.5560585112397969,-0.5378509202018283,0.34378655963481836
-0.9605825449974692,-0.7917853693039374,0.5998334926515411
-0.6429137949965585,0.3054923094216366,-0.5236363137392495
-0.8011208220166455,-0.5136560359717098,0.44453487370424005
0.7113956819152323,0.6604415987187211,-0.2056328760658007
0.3361714523507431,-0.590033315560963,-0.4137060520683258
0.792674291788603,-0.9739991981851479,-0.8289842578109061
-0.5842298005624342,-0.9469399099816044,-0.6371302333241093
0.16608260872961444,-0.15715116741738905,0.7853458681969641
0.6348895316670798,-0.316366367596359,-0.4811536627770897
-0.24061613982398516,0.18059068556783733,-0.4638743767856014
0.24829894626734195,-0.18117660459453563,0.10409499033262343
-0.1277476483325298,-0.41106927876058236,0.8969113311831949
0.5272178568801111,-0.719779035122073,0.7369336051102718
-0.025137381260295587,0.7891076631307428,0.5997130406630685
-0.14957445116191684,-0.9550656494775032,-0.4626464874417428
0.0832683537010733,0.26695793514977456,-0.4842266335504238
-0.7212898287811697,0.6698604420736093,0.9688083634042279
0.05138044574238172,-0.6566435778679276,-0.4553862862443855
-0.9632212172931603,0.8285997884603905,-0.76449929262293
0.15303343349522944,-0.4518923071452735,0.10835585827353067
0.30284004433008765,0.659487435956732,-0.5871593038304348
-0.9780120222908218,-0.7262306053794124,0.8000390954997773
0.7477832538352708,0.19482675628245882,0.201034111879315
0.3300675552321464,-0.6492558347723073,0.8288273278637245
-0.1624598941727993,-0.23372360992148192,0.03783555559980184
-0.9060724957337192,-0.6674345196246868,0.4760678958512039
-0.8344061156292089,0.20630433094172698,-0.5093029917021449
-0.22140973395610716,-0.4226139936770729,-0.2886551683881923
0.43809409311365477,-0.4057589353720168,0.1328095088200112
-0.04789989014181894,0.3273428992520599,0.8736632685750599
0.4651454891264712,-0.5701204945400974,-0.9376383321097795
-0.47547647023850537,0.19015622776651525,-0.8971503980703852
-0.007267714593582894,0.1936866604833872,-0.3315134990893388
0.54182816836026,-0.7868048193209781,-0.8497267025130908
0.4563791785832892,-0.009017544902692052,0.3768063841938921
-0.13034452750742095,-0.507198725608914,0.638206792415569
0.5988344252311241,0.38939444942265566,-0.455710569176622
0.1804603025498112,-0.27805335065031134,-0.8168377897347308
0.8346296610446663,-0.7263636580886331,0.9004772270407305
-0.10798843989993476,-0.629735928341732,0.08380176331414699
0.7458967936601391,0.46446387603909106,0.6131257782591876
0.3175670539724657,0.38455530525908943,0.6983936947652759
-0.5006663366664041,-0.021150685909138163,-0.557583139642162
0.9753379614414603,0.8881207118147014,-0.921148349018051
0.41115212759046543,0.8505004581191576,-0.6388511621637845
0.13589035165814733,0.8309787125780442,-0.9321124320636586
0.39484288115322913,-0.40530164738066304,0.84879516854977
0.9421199651821673,0.8885356513827501,-0.05157267638262759
0.7240889562292852,0.6891007194539794,-0.36180058878440086
0.6578328316468903,-0.9259882383356143,0.19254039287977553
-0.5399839892691044,-0.758867573750306,-0.8460966335673268
0.3925789696985949,-0.3202511664582853,0.44953577995267024
-0.8692917471917215,-0.3694201387687174,0.07898285324537652
0.5814491841617357,-0.3624970185552573,0.25178311650970603
0.7719583296493376,0.2317269564990887,-0.5340825497966658
-0.9512007778133499,0.7401992707685573,-0.9574635399782356
0.749406678298965,0.05787477385663719,0.8781389954186465
0.5975679440450054,0.9958724533651434,-0.29857712898078953
0.5343789972169675,-0.19613914453381334,-0.04024777801000603
0.2550112195674785,0.747357763532335,0.9681732649443712
0.5365493250804447,-0.16446682045991062,-0.15728655283486823
0.47516534415787076,-0.5224473105518773,-0.7790545487083941
-0.29075761192028804,-0.42552329780700815,-0.4073858207453754
-0.5327858073882848,-0.9158168495676152,-0.9642556110819382
0.9754477149832029,-0.14444457116887494,-0.23134122769563356
0.3592962586080982,-0.5634927248228623,0.899927377044697
0.5726909863513407,-0.8211814072060009,-0.1648385383128241
0.7582383013277595,0.8894675305758781,-0.0651977808678125
0.22682264734085042,-0.6659343689010395,0.9823423012090648
-0.536657839911099,0.8854669391714212,0.29929422555901297
0.2154730240533717,0.025378365703930456,-0.5386629941030483
-0.6469467320919314,-0.55902893429351,-0.6271246821189935
0.559171757331715,-0.2997507824961345,-0.884320115367592
0.9382080301096554,0.7675730797258269,0.8555076328427553
0.9898210863925477,-0.6522093209601424,-0.20751721934732872
0.5164783394931052,0.39204197735480917,-0.6922111399307729
0.6316674392107849,-0.5511204093995515,-0.552364350374909
0.07394918438753036,0.18588104691920912,0.16017313273457376
-0.817028588090096,0.7549239174501504,-0.46880080111206573
-0.7409726889792437,0.7774993600479709,0.9113052900306499
0.724256164672192,0.6190368566258666,0.31048487898721777
0.10171599630925268,-0.8260305312864519,-0.1830949108469893
-0.2546241361815387,-0.4804947085270525,0.4468423570546281
-0.008248281386236945,-0.8379104809522097,-0.5596358287032697
0.366516871944336,-0.8477414608034365,0.7024181628120433
-0.009707140057811503,-0.03882653585448736,0.1848159261605404
0.6493652987435683,-0.3043826498134023,0.3560342323865062
0.13146408174694746,-0.4659450171493605,0.7572631990636486
0.5948534865906393,0.3169052537864334,0.7011668762045852
0.7345910796104432,0.4167257454826142,0.6740348876047773
0.3949434480830838,0.36028246040503287,0.23722237390105175
0.5054337352597039,-0.682785375597972,0.7617461738634059
0.7436893683483102,-0.9415085066143334,0.6516345894786184
-0.7422635749715587,-0.3297622977862717,0.4870181560227982
-0.6784824106257508,0.635935793982849,0.6642708619693252
0.014935332602267981,-0.9872345370376656,-0.4259248028685327
0.23385484492017267,0.9623769900904688,0.2636281179828881
-0.48039558560880136,0.268012541544182,0.07997130528286629
0.5596935726122964,-0.7860413737615757,0.5220561568199793
0.0825334670415723,0.9259888808418566,-0.3162575970168104
0.2652471648417049,0.8640600906101806,-0.7949822939207981
0.8744598505131305,0.37577216813210984,-0.864329094196962
-0.39807386335091327,0.416344784025053,-0.8653015278612226
0.16434226092235082,-0.30823500918206803,0.24183269170231164
-0.9085190253931228,0.7430749996437082,0.9469803641909866
0.93775884548245,0.4993046952282471,-0.7398299811875926
0.5165278870921366,-0.9508300029027843,-0.9557564900505664
-0.3527813017350526,-0.022713168576852124,0.5408180102804064
0.3665927133278862,-0.10819453685094846,-0.4527475592859785
0.9942536519187596,-0.1476374016493279,-0.09722443291300391
-0.6727558618545878,0.5896211167841122,0.38736715394125554
-0.5584624810370609,-0.8352418889983295,0.36100034126083963
0.30902206316566083,-0.4534808243066677,0.9017317992492627
-0.6978868680061846,-0.13532872970704832,0.8872338857098511
-0.16054562272332637,0.2770537950188793,-0.20481284816865622
-0.45156773849509024,0.9679604107587961,-0.18133063985513118
0.7882032559849571,-0.5400927595752145,-0.5737911887795345
-0.9377359928059106,0.3033347266955917,-0.26294764871519855
0.7287190703908891,-0.05358141681028123,0.9363910580031505
-0.628950234018742,0.7372488701959496,0.5531946736711856
0.5418446564319437,0.6895694904261851,0.5220491948870971
0.252441129805432,-0.7375124891215886,-0.9349532776860073
0.8417037350189899,0.2332993051764369,0.5930768636828241
-0.03695523606290031,-0.7653860197159841,-0.7496319208144955
0.3711303147203448,-0.13938717910905044,-0.5989522833157639
-0.01681117674798736,-0.8715858885009845,0.16394690319628594
-0.46201449589387067,0.5951207448698033,-0.37927675901087193
-0.08955969749600938,-0.9767625987259336,-0.8551093956034802
-0.2150144536597547,-0.04012189604140822,0.20004201542346353
-0.4166766703276555,0.3899645038957008,0.7202476758765228
0.5597032441298041,-0.9207664012654359,-0.03898560292897638
-0.7901419261769479,-0.5159109932256543,0.9733287871178241
-0.7150119008866249,-0.002224137761998491,0.23631266505368145
0.404931269758212,0.11929766695561045,-0.9804627691032236
-0.34707839054910644,0.03542200270130222,-0.8242704130267913
-0.2987471071447445,-0.9335973246821768,-0.8428458667756829
-0.20615408883674094,-0.7345703740985865,0.13508192784895226
0.37893234677553067,0.6011756876234661,-0.5997025928567149
-0.6650371792231263,-0.7908672088283255,0.27286003617684945
0.4129521330155386,-0.9368310702293635,0.872425079864034
-0.8960612104471889,0.08259215926246116,0.41812302866806433
0.741940774526818,0.42816543252202516,0.6034528438801655
-0.3211007361254805,0.6296517518265361,-0.8397757292060432
0.7896372205528798,0.09518353622681572,0.6345980728383586
-0.0953634059563256,0.28715769523441376,0.0528060538358325
0.46318145228187685,-0.8367431886438047,-0.8793011725984061
-0.5057968864289489,-0.6809125216556668,0.7435688142854198
-0.5615743341444763,0.9517344561194656,-0.32621068783663987
-0.6357653097563153,0.5793984223966698,0.31741409649403796
-0.003610058389438738,0.11072759585094215,0.4384054594195175
-0.543091576544802,0.9926704970488223,0.9495885835497362
0.3006522496634175,-0.6009125970095675,0.36045573350410126
-0.8556067313001448,-0.9386975274535426,-0.48463537382558214
-0.07475444898038698,0.7365473704566003,0.4543387440897415
0.48541530581363906,-0.14901365802482106,-0.30813041397294905
-0.257923127140897,0.97530244871154,-0.9197842542514171
0.7340664814583037,0.1573518400336736,-0.12277003842215257
0.4505167969250606,-0.026663535826106196,0.7468503226870861
0.8014079548280674,-0.15655781326272292,-0.4463459397542168
0.18470093967112983,0.8247302228840522,-0.5786769795958792
0.24593355031342762,0.2631218412632524,0.46622779710607815
-0.7368671380316593,0.4316502270126485,0.818067982922215
-0.6406348313388306,-0.5249143807893625,0.9427935959620428
-0.6380487401481221,0.7087711986212056,-0.01544460476207691
-0.5055387345596232,0.7415019049762891,-0.10938919688337419
0.02963485961702141,-0.2815334163724404,0.18590139518759205
-0.6729536126567889,-0.21783767393477943,0.9388287401260307
-0.4837345312684132,0.3134743595130218,-0.3496208405097395
0.5469489441028368,-0.7382543290418778,0.939646926672523
-0.0924211013143186,-0.5278996377060208,-0.85300994057641
-0.6604872622914916,0.039547578029021035,-0.32599492935161173
0.6577698311621784,-0.13822426489725015,-0.5025732845677451
0.23428998838857282,0.4135557649677072,-0.665918974572208
-0.6647637908209867,-0.9266613356426273,0.4728059283862995
0.3276094890678714,-0.0507391168985033,0.688342901331317
0.6113434295121029,0.17070914514355678,0.7365463841586637
-0.5883206301562673,-0.7761611965624102,-0.46050207048201897
-0.8858291104393711,0.06233954863590982,0.8732138154852555
-0.9213179963637838,-0.7557822263093478,-0.09560253531451039
0.86775367695345,-0.3676890847694441,0.01447026129350909
-0.9168567862513101,-0.7033153812772283,0.973263406544167
0.9302388708855597,-0.9901232620991595,0.9036255533979345
0.2782410290404608,0.7358351941264923,-0.09052458819903093
0.031192175834838052,-0.02230678587855042,0.33373048841415076
-0.7207009935589914,-0.940056298925258,-0.3841405480208719
0.4093652409573874,-0.5962950238829801,0.3468654217475096
0.9398272200623152,-0.8122013787112995,0.34520460021742133
-0.11249973194292953,0.7362878230939403,-0.64570184847579
0.385253519384856,0.6762324749735665,0.8892316388998114
0.3664971312123923,-0.0056501225558435435,0.23569494682818237
0.7378125581150331,0.1412200448873315,-0.9392294643900116
0.8619023049416604,0.3790544590539168,0.353027325713669
-0.5686522749035572,0.3177724714562406,-0.21227093442516423
0.30246738460554745,-0.7868182487500788,0.3156906252996919
0.9988304454497247,-0.9035768205899898,0.9543511066765394
-0.18618532428144213,0.741509041444022,0.5647729723467437
0.13403117629573452,0.47689366842720915,0.7570343677451173
-0.19172023210843914,-0.3459339125974203,0.33518872357280316
0.6156923563740085,0.5245730739620399,0.5956290046385848
-0.12883296017216136,0.6356702305977835,-0.7595849969462161
0.08898005660569225,-0.9884873993729304,-0.35082744600104665
-0.267078566445827,-0.2076541609685448,0.39093637470214393
-0.22288527746741804,-0.10261336616487898,-0.5249137502457032
-0.25349783506675255,-0.5454610575760451,-0.8536113283592661
0.20689788161469047,0.33642731791542313,0.23898101868630417
-0.07301320116049421,-0.2404283434462916,0.7266703725400373
