# t,mean_r,min_r,max_r
0.000000e+00,9.993896e-01,9.635159e-01,1.031789e+00
1.000000e-04,9.993896e-01,9.635159e-01,1.031789e+00
2.000000e-04,9.993896e-01,9.635159e-01,1.031789e+00
3.000000e-04,9.993896e-01,9.635159e-01,1.031789e+00
4.000000e-04,9.993896e-01,9.635159e-01,1.031789e+00
5.000000e-04,9.993896e-01,9.635159e-01,1.031789e+00
6.000000e-04,9.993896e-01,9.635159e-01,1.031789e+00
7.000000e-04,9.993896e-01,9.635159e-01,1.031789e+00
8.000000e-04,9.993896e-01,9.635159e-01,1.031789e+00
9.000000e-04,9.993896e-01,9.635159e-01,1.031789e+00
1.000000e-03,9.993896e-01,9.635159e-01,1.031789e+00
1.100000e-03,9.993896e-01,9.635159e-01,1.031789e+00
1.200000e-03,9.993896e-01,9.635159e-01,1.031789e+00
1.300000e-03,9.993897e-01,9.635159e-01,1.031789e+00
1.400000e-03,9.993896e-01,9.635158e-01,1.031789e+00
1.500000e-03,9.993897e-01,9.635159e-01,1.031789e+00
1.600000e-03,9.993895e-01,9.635157e-01,1.031788e+00
1.700000e-03,9.993899e-01,9.635162e-01,1.031789e+00
1.800000e-03,9.993891e-01,9.635153e-01,1.031788e+00
1.900000e-03,9.993908e-01,9.635170e-01,1.031790e+00
2.000000e-03,9.993873e-01,9.635135e-01,1.031786e+00
2.100000e-03,9.993943e-01,9.635205e-01,1.031793e+00
2.200000e-03,9.993803e-01,9.635066e-01,1.031779e+00
2.300000e-03,9.994083e-01,9.635345e-01,1.031807e+00
2.400000e-03,9.993524e-01,9.634786e-01,1.031751e+00
2.500000e-03,9.994642e-01,9.635904e-01,1.031863e+00
2.600000e-03,9.992405e-01,9.633667e-01,1.031639e+00
2.700000e-03,9.996879e-01,9.638141e-01,1.032087e+00
2.800000e-03,9.987931e-01,9.629194e-01,1.031192e+00
2.900000e-03,1.000583e+00,9.647089e-01,1.032982e+00
3.000000e-03,9.970036e-01,9.611299e-01,1.029403e+00
3.100000e-03,1.004162e+00,9.682878e-01,1.036561e+00
3.200000e-03,9.898457e-01,9.539719e-01,1.022245e+00
3.300000e-03,1.018478e+00,9.826037e-01,1.050876e+00
3.400000e-03,9.612139e-01,9.253401e-01,9.936128e-01
3.500000e-03,1.075741e+00,1.039867e+00,1.108140e+00
3.600000e-03,8.466866e-01,8.108129e-01,8.790856e-01
3.700000e-03,1.304796e+00,1.268922e+00,1.337195e+00
3.800000e-03,3.885777e-01,3.527039e-01,4.209766e-01
3.900000e-03,2.221014e+00,2.185140e+00,2.253412e+00
4.000000e-03,-1.443858e+00,-1.479732e+00,-1.411459e+00
4.100000e-03,5.885885e+00,5.850011e+00,5.918284e+00
4.200000e-03,-8.773601e+00,-8.809475e+00,-8.741203e+00
4.300000e-03,2.054537e+01,2.050950e+01,2.057777e+01
4.400000e-03,-3.809257e+01,-3.812845e+01,-3.806018e+01
4.500000e-03,7.918332e+01,7.914744e+01,7.921572e+01
4.600000e-03,-1.553685e+02,-1.554043e+02,-1.553361e+02
4.700000e-03,3.137351e+02,3.136992e+02,3.137675e+02
4.800000e-03,-6.244720e+02,-6.245079e+02,-6.244396e+02
4.900000e-03,1.251942e+03,1.251906e+03,1.251975e+03
5.000000e-03,-2.500886e+03,-2.500922e+03,-2.500854e+03
5.100000e-03,5.004771e+03,5.004735e+03,5.004803e+03
5.200000e-03,-1.000654e+04,-1.000658e+04,-1.000651e+04
5.300000e-03,2.001609e+04,2.001605e+04,2.001612e+04
5.400000e-03,-4.002917e+04,-4.002921e+04,-4.002914e+04
5.500000e-03,8.006134e+04,8.006131e+04,8.006137e+04
5.600000e-03,-1.601197e+05,-1.601197e+05,-1.601197e+05
5.700000e-03,3.202424e+05,3.202423e+05,3.202424e+05
5.800000e-03,-6.404817e+05,-6.404818e+05,-6.404817e+05
5.900000e-03,1.280966e+06,1.280966e+06,1.280967e+06
6.000000e-03,-2.561930e+06,-2.561930e+06,-2.561930e+06
6.100000e-03,5.123863e+06,5.123863e+06,5.123863e+06
6.200000e-03,-1.024772e+07,-1.024772e+07,-1.024772e+07
6.300000e-03,2.049545e+07,2.049545e+07,2.049545e+07
6.400000e-03,-4.099089e+07,-4.099089e+07,-4.099089e+07
6.500000e-03,8.198179e+07,8.198179e+07,8.198179e+07
6.600000e-03,-1.639636e+08,-1.639636e+08,-1.639636e+08
6.700000e-03,3.279272e+08,3.279272e+08,3.279272e+08
6.800000e-03,-6.558543e+08,-6.558543e+08,-6.558543e+08
6.900000e-03,1.311709e+09,1.311709e+09,1.311709e+09
7.000000e-03,-2.623417e+09,-2.623417e+09,-2.623417e+09
7.100000e-03,5.246835e+09,5.246835e+09,5.246835e+09
7.200000e-03,-1.049367e+10,-1.049367e+10,-1.049367e+10
7.300000e-03,2.098734e+10,2.098734e+10,2.098734e+10
7.400000e-03,-4.197468e+10,-4.197468e+10,-4.197468e+10
7.500000e-03,8.394935e+10,8.394935e+10,8.394935e+10
7.600000e-03,-1.678987e+11,-1.678987e+11,-1.678987e+11
7.700000e-03,3.357974e+11,3.357974e+11,3.357974e+11
7.800000e-03,-6.715948e+11,-6.715948e+11,-6.715948e+11
7.900000e-03,1.343190e+12,1.343190e+12,1.343190e+12
8.000000e-03,-2.686379e+12,-2.686379e+12,-2.686379e+12
8.100000e-03,5.372759e+12,5.372759e+12,5.372759e+12
8.200000e-03,-1.074552e+13,-1.074552e+13,-1.074552e+13
8.300000e-03,2.149103e+13,2.149103e+13,2.149103e+13
8.400000e-03,-4.298207e+13,-4.298207e+13,-4.298207e+13
8.500000e-03,8.596414e+13,8.596414e+13,8.596414e+13
8.600000e-03,-1.719283e+14,-1.719283e+14,-1.719283e+14
8.700000e-03,3.438566e+14,3.438566e+14,3.438566e+14
8.800000e-03,-6.877131e+14,-6.877131e+14,-6.877131e+14
8.900000e-03,1.375426e+15,1.375426e+15,1.375426e+15
9.000000e-03,-2.750852e+15,-2.750852e+15,-2.750852e+15
9.100000e-03,5.501705e+15,5.501705e+15,5.501705e+15
9.200000e-03,-1.100341e+16,-1.100341e+16,-1.100341e+16
9.300000e-03,2.200682e+16,2.200682e+16,2.200682e+16
9.400000e-03,-4.401364e+16,-4.401364e+16,-4.401364e+16
9.500000e-03,8.802728e+16,8.802728e+16,8.802728e+16
9.600000e-03,-1.760546e+17,-1.760546e+17,-1.760546e+17
9.700000e-03,3.521091e+17,3.521091e+17,3.521091e+17
9.800000e-03,-7.042182e+17,-7.042182e+17,-7.042182e+17
9.900000e-03,1.408436e+18,1.408436e+18,1.408436e+18
1.000000e-02,-2.816873e+18,-2.816873e+18,-2.816873e+18
1.010000e-02,5.633746e+18,5.633746e+18,5.633746e+18
1.020000e-02,-1.126749e+19,-1.126749e+19,-1.126749e+19
1.030000e-02,2.253498e+19,2.253498e+19,2.253498e+19
1.040000e-02,-4.506997e+19,-4.506997e+19,-4.506997e+19
1.050000e-02,9.013993e+19,9.013993e+19,9.013993e+19
1.060000e-02,-1.802799e+20,-1.802799e+20,-1.802799e+20
1.070000e-02,3.605597e+20,3.605597e+20,3.605597e+20
1.080000e-02,-7.211195e+20,-7.211195e+20,-7.211195e+20
1.090000e-02,1.442239e+21,1.442239e+21,1.442239e+21
1.100000e-02,-2.884478e+21,-2.884478e+21,-2.884478e+21
1.110000e-02,5.768956e+21,5.768956e+21,5.768956e+21
1.120000e-02,-1.153791e+22,-1.153791e+22,-1.153791e+22
1.130000e-02,2.307582e+22,2.307582e+22,2.307582e+22
1.140000e-02,-4.615165e+22,-4.615165e+22,-4.615165e+22
1.150000e-02,9.230329e+22,9.230329e+22,9.230329e+22
1.160000e-02,-1.846066e+23,-1.846066e+23,-1.846066e+23
1.170000e-02,3.692132e+23,3.692132e+23,3.692132e+23
1.180000e-02,-7.384263e+23,-7.384263e+23,-7.384263e+23
1.190000e-02,1.476853e+24,1.476853e+24,1.476853e+24
1.200000e-02,-2.953705e+24,-2.953705e+24,-2.953705e+24
1.210000e-02,5.907411e+24,5.907411e+24,5.907411e+24
1.220000e-02,-1.181482e+25,-1.181482e+25,-1.181482e+25
1.230000e-02,2.362964e+25,2.362964e+25,2.362964e+25
1.240000e-02,-4.725929e+25,-4.725929e+25,-4.725929e+25
1.250000e-02,9.451857e+25,9.451857e+25,9.451857e+25
1.260000e-02,-1.890371e+26,-1.890371e+26,-1.890371e+26
1.270000e-02,3.780743e+26,3.780743e+26,3.780743e+26
1.280000e-02,-7.561486e+26,-7.561486e+26,-7.561486e+26
1.290000e-02,1.512297e+27,1.512297e+27,1.512297e+27
1.300000e-02,-3.024594e+27,-3.024594e+27,-3.024594e+27
1.310000e-02,6.049188e+27,6.049188e+27,6.049188e+27
1.320000e-02,-1.209838e+28,-1.209838e+28,-1.209838e+28
1.330000e-02,2.419675e+28,2.419675e+28,2.419675e+28
1.340000e-02,-4.839351e+28,-4.839351e+28,-4.839351e+28
1.350000e-02,9.678702e+28,9.678702e+28,9.678702e+28
1.360000e-02,-1.935740e+29,-1.935740e+29,-1.935740e+29
1.370000e-02,3.871481e+29,3.871481e+29,3.871481e+29
1.380000e-02,-7.742961e+29,-7.742961e+29,-7.742961e+29
1.390000e-02,1.548592e+30,1.548592e+30,1.548592e+30
1.400000e-02,-3.097185e+30,-3.097185e+30,-3.097185e+30
1.410000e-02,6.194369e+30,6.194369e+30,6.194369e+30
1.420000e-02,-1.238874e+31,-1.238874e+31,-1.238874e+31
1.430000e-02,2.477748e+31,2.477748e+31,2.477748e+31
1.440000e-02,-4.955495e+31,-4.955495e+31,-4.955495e+31
1.450000e-02,9.910990e+31,9.910990e+31,9.910990e+31
1.460000e-02,-1.982198e+32,-1.982198e+32,-1.982198e+32
1.470000e-02,3.964396e+32,3.964396e+32,3.964396e+32
1.480000e-02,-7.928792e+32,-7.928792e+32,-7.928792e+32
1.490000e-02,1.585758e+33,1.585758e+33,1.585758e+33
1.500000e-02,-3.171517e+33,-3.171517e+33,-3.171517e+33
1.510000e-02,6.343034e+33,6.343034e+33,6.343034e+33
1.520000e-02,-1.268607e+34,-1.268607e+34,-1.268607e+34
1.530000e-02,2.537214e+34,2.537214e+34,2.537214e+34
1.540000e-02,-5.074427e+34,-5.074427e+34,-5.074427e+34
1.550000e-02,1.014885e+35,1.014885e+35,1.014885e+35
1.560000e-02,-2.029771e+35,-2.029771e+35,-2.029771e+35
1.570000e-02,4.059542e+35,4.059542e+35,4.059542e+35
1.580000e-02,-8.119083e+35,-8.119083e+35,-8.119083e+35
1.590000e-02,1.623817e+36,1.623817e+36,1.623817e+36
1.600000e-02,-3.247633e+36,-3.247633e+36,-3.247633e+36
1.610000e-02,6.495267e+36,6.495267e+36,6.495267e+36
1.620000e-02,-1.299053e+37,-1.299053e+37,-1.299053e+37
1.630000e-02,2.598107e+37,2.598107e+37,2.598107e+37
1.640000e-02,-5.196213e+37,-5.196213e+37,-5.196213e+37
1.650000e-02,1.039243e+38,1.039243e+38,1.039243e+38
1.660000e-02,-2.078485e+38,-2.078485e+38,-2.078485e+38
1.670000e-02,4.156971e+38,4.156971e+38,4.156971e+38
1.680000e-02,-8.313941e+38,-8.313941e+38,-8.313941e+38
1.690000e-02,1.662788e+39,1.662788e+39,1.662788e+39
1.700000e-02,-3.325577e+39,-3.325577e+39,-3.325577e+39
1.710000e-02,6.651153e+39,6.651153e+39,6.651153e+39
1.720000e-02,-1.330231e+40,-1.330231e+40,-1.330231e+40
1.730000e-02,2.660461e+40,2.660461e+40,2.660461e+40
1.740000e-02,-5.320922e+40,-5.320922e+40,-5.320922e+40
1.750000e-02,1.064184e+41,1.064184e+41,1.064184e+41
1.760000e-02,-2.128369e+41,-2.128369e+41,-2.128369e+41
1.770000e-02,4.256738e+41,4.256738e+41,4.256738e+41
1.780000e-02,-8.513476e+41,-8.513476e+41,-8.513476e+41
1.790000e-02,1.702695e+42,1.702695e+42,1.702695e+42
1.800000e-02,-3.405390e+42,-3.405390e+42,-3.405390e+42
1.810000e-02,6.810781e+42,6.810781e+42,6.810781e+42
1.820000e-02,-1.362156e+43,-1.362156e+43,-1.362156e+43
1.830000e-02,2.724312e+43,2.724312e+43,2.724312e+43
1.840000e-02,-5.448625e+43,-5.448625e+43,-5.448625e+43
1.850000e-02,1.089725e+44,1.089725e+44,1.089725e+44
1.860000e-02,-2.179450e+44,-2.179450e+44,-2.179450e+44
1.870000e-02,4.358900e+44,4.358900e+44,4.358900e+44
1.880000e-02,-8.717799e+44,-8.717799e+44,-8.717799e+44
1.890000e-02,1.743560e+45,1.743560e+45,1.743560e+45
1.900000e-02,-3.487120e+45,-3.487120e+45,-3.487120e+45
1.910000e-02,6.974240e+45,6.974240e+45,6.974240e+45
1.920000e-02,-1.394848e+46,-1.394848e+46,-1.394848e+46
1.930000e-02,2.789696e+46,2.789696e+46,2.789696e+46
1.940000e-02,-5.579392e+46,-5.579392e+46,-5.579392e+46
1.950000e-02,1.115878e+47,1.115878e+47,1.115878e+47
1.960000e-02,-2.231757e+47,-2.231757e+47,-2.231757e+47
1.970000e-02,4.463513e+47,4.463513e+47,4.463513e+47
1.980000e-02,-8.927027e+47,-8.927027e+47,-8.927027e+47
1.990000e-02,1.785405e+48,1.785405e+48,1.785405e+48
2.000000e-02,-3.570811e+48,-3.570811e+48,-3.570811e+48
2.010000e-02,7.141621e+48,7.141621e+48,7.141621e+48
2.020000e-02,-1.428324e+49,-1.428324e+49,-1.428324e+49
2.030000e-02,2.856649e+49,2.856649e+49,2.856649e+49
2.040000e-02,-5.713297e+49,-5.713297e+49,-5.713297e+49
2.050000e-02,1.142659e+50,1.142659e+50,1.142659e+50
2.060000e-02,-2.285319e+50,-2.285319e+50,-2.285319e+50
2.070000e-02,4.570638e+50,4.570638e+50,4.570638e+50
2.080000e-02,-9.141275e+50,-9.141275e+50,-9.141275e+50
2.090000e-02,1.828255e+51,1.828255e+51,1.828255e+51
2.100000e-02,-3.656510e+51,-3.656510e+51,-3.656510e+51
2.110000e-02,7.313020e+51,7.313020e+51,7.313020e+51
2.120000e-02,-1.462604e+52,-1.462604e+52,-1.462604e+52
2.130000e-02,2.925208e+52,2.925208e+52,2.925208e+52
2.140000e-02,-5.850416e+52,-5.850416e+52,-5.850416e+52
2.150000e-02,1.170083e+53,1.170083e+53,1.170083e+53
2.160000e-02,-2.340166e+53,-2.340166e+53,-2.340166e+53
2.170000e-02,4.680333e+53,4.680333e+53,4.680333e+53
2.180000e-02,-9.360666e+53,-9.360666e+53,-9.360666e+53
2.190000e-02,1.872133e+54,1.872133e+54,1.872133e+54
2.200000e-02,-3.744266e+54,-3.744266e+54,-3.744266e+54
2.210000e-02,7.488533e+54,7.488533e+54,7.488533e+54
2.220000e-02,-1.497707e+55,-1.497707e+55,-1.497707e+55
2.230000e-02,2.995413e+55,2.995413e+55,2.995413e+55
2.240000e-02,-5.990826e+55,-5.990826e+55,-5.990826e+55
2.250000e-02,1.198165e+56,1.198165e+56,1.198165e+56
2.260000e-02,-2.396330e+56,-2.396330e+56,-2.396330e+56
2.270000e-02,4.792661e+56,4.792661e+56,4.792661e+56
2.280000e-02,-9.585322e+56,-9.585322e+56,-9.585322e+56
2.290000e-02,1.917064e+57,1.917064e+57,1.917064e+57
2.300000e-02,-3.834129e+57,-3.834129e+57,-3.834129e+57
2.310000e-02,7.668257e+57,7.668257e+57,7.668257e+57
2.320000e-02,-1.533651e+58,-1.533651e+58,-1.533651e+58
2.330000e-02,3.067303e+58,3.067303e+58,3.067303e+58
2.340000e-02,-6.134606e+58,-6.134606e+58,-6.134606e+58
2.350000e-02,1.226921e+59,1.226921e+59,1.226921e+59
2.360000e-02,-2.453842e+59,-2.453842e+59,-2.453842e+59
2.370000e-02,4.907685e+59,4.907685e+59,4.907685e+59
2.380000e-02,-9.815370e+59,-9.815370e+59,-9.815370e+59
2.390000e-02,1.963074e+60,1.963074e+60,1.963074e+60
2.400000e-02,-3.926148e+60,-3.926148e+60,-3.926148e+60
2.410000e-02,7.852296e+60,7.852296e+60,7.852296e+60
2.420000e-02,-1.570459e+61,-1.570459e+61,-1.570459e+61
2.430000e-02,3.140918e+61,3.140918e+61,3.140918e+61
2.440000e-02,-6.281836e+61,-6.281836e+61,-6.281836e+61
2.450000e-02,1.256367e+62,1.256367e+62,1.256367e+62
2.460000e-02,-2.512735e+62,-2.512735e+62,-2.512735e+62
2.470000e-02,5.025469e+62,5.025469e+62,5.025469e+62
2.480000e-02,-1.005094e+63,-1.005094e+63,-1.005094e+63
2.490000e-02,2.010188e+63,2.010188e+63,2.010188e+63
2.500000e-02,-4.020375e+63,-4.020375e+63,-4.020375e+63
2.510000e-02,8.040751e+63,8.040751e+63,8.040751e+63
2.520000e-02,-1.608150e+64,-1.608150e+64,-1.608150e+64
2.530000e-02,3.216300e+64,3.216300e+64,3.216300e+64
2.540000e-02,-6.432601e+64,-6.432601e+64,-6.432601e+64
2.550000e-02,1.286520e+65,1.286520e+65,1.286520e+65
2.560000e-02,-2.573040e+65,-2.573040e+65,-2.573040e+65
2.570000e-02,5.146080e+65,5.146080e+65,5.146080e+65
2.580000e-02,-1.029216e+66,-1.029216e+66,-1.029216e+66
2.590000e-02,2.058432e+66,2.058432e+66,2.058432e+66
2.600000e-02,-4.116864e+66,-4.116864e+66,-4.116864e+66
2.610000e-02,8.233729e+66,8.233729e+66,8.233729e+66
2.620000e-02,-1.646746e+67,-1.646746e+67,-1.646746e+67
2.630000e-02,3.293491e+67,3.293491e+67,3.293491e+67
2.640000e-02,-6.586983e+67,-6.586983e+67,-6.586983e+67
2.650000e-02,1.317397e+68,1.317397e+68,1.317397e+68
2.660000e-02,-2.634793e+68,-2.634793e+68,-2.634793e+68
2.670000e-02,5.269586e+68,5.269586e+68,5.269586e+68
2.680000e-02,-1.053917e+69,-1.053917e+69,-1.053917e+69
2.690000e-02,2.107835e+69,2.107835e+69,2.107835e+69
2.700000e-02,-4.215669e+69,-4.215669e+69,-4.215669e+69
2.710000e-02,8.431338e+69,8.431338e+69,8.431338e+69
2.720000e-02,-1.686268e+70,-1.686268e+70,-1.686268e+70
2.730000e-02,3.372535e+70,3.372535e+70,3.372535e+70
2.740000e-02,-6.745071e+70,-6.745071e+70,-6.745071e+70
2.750000e-02,1.349014e+71,1.349014e+71,1.349014e+71
2.760000e-02,-2.698028e+71,-2.698028e+71,-2.698028e+71
2.770000e-02,5.396056e+71,5.396056e+71,5.396056e+71
2.780000e-02,-1.079211e+72,-1.079211e+72,-1.079211e+72
2.790000e-02,2.158423e+72,2.158423e+72,2.158423e+72
2.800000e-02,-4.316845e+72,-4.316845e+72,-4.316845e+72
2.810000e-02,8.633690e+72,8.633690e+72,8.633690e+72
2.820000e-02,-1.726738e+73,-1.726738e+73,-1.726738e+73
2.830000e-02,3.453476e+73,3.453476e+73,3.453476e+73
2.840000e-02,-6.906952e+73,-6.906952e+73,-6.906952e+73
2.850000e-02,1.381390e+74,1.381390e+74,1.381390e+74
2.860000e-02,-2.762781e+74,-2.762781e+74,-2.762781e+74
2.870000e-02,5.525562e+74,5.525562e+74,5.525562e+74
2.880000e-02,-1.105112e+75,-1.105112e+75,-1.105112e+75
2.890000e-02,2.210225e+75,2.210225e+75,2.210225e+75
2.900000e-02,-4.420449e+75,-4.420449e+75,-4.420449e+75
2.910000e-02,8.840899e+75,8.840899e+75,8.840899e+75
2.920000e-02,-1.768180e+76,-1.768180e+76,-1.768180e+76
2.930000e-02,3.536360e+76,3.536360e+76,3.536360e+76
2.940000e-02,-7.072719e+76,-7.072719e+76,-7.072719e+76
2.950000e-02,1.414544e+77,1.414544e+77,1.414544e+77
2.960000e-02,-2.829088e+77,-2.829088e+77,-2.829088e+77
2.970000e-02,5.658175e+77,5.658175e+77,5.658175e+77
2.980000e-02,-1.131635e+78,-1.131635e+78,-1.131635e+78
2.990000e-02,2.263270e+78,2.263270e+78,2.263270e+78
3.000000e-02,-4.526540e+78,-4.526540e+78,-4.526540e+78
3.010000e-02,9.053080e+78,9.053080e+78,9.053080e+78
3.020000e-02,-1.810616e+79,-1.810616e+79,-1.810616e+79
3.030000e-02,3.621232e+79,3.621232e+79,3.621232e+79
3.040000e-02,-7.242464e+79,-7.242464e+79,-7.242464e+79
3.050000e-02,1.448493e+80,1.448493e+80,1.448493e+80
3.060000e-02,-2.896986e+80,-2.896986e+80,-2.896986e+80
3.070000e-02,5.793971e+80,5.793971e+80,5.793971e+80
3.080000e-02,-1.158794e+81,-1.158794e+81,-1.158794e+81
3.090000e-02,2.317589e+81,2.317589e+81,2.317589e+81
3.100000e-02,-4.635177e+81,-4.635177e+81,-4.635177e+81
3.110000e-02,9.270354e+81,9.270354e+81,9.270354e+81
3.120000e-02,-1.854071e+82,-1.854071e+82,-1.854071e+82
3.130000e-02,3.708142e+82,3.708142e+82,3.708142e+82
3.140000e-02,-7.416284e+82,-7.416284e+82,-7.416284e+82
3.150000e-02,1.483257e+83,1.483257e+83,1.483257e+83
3.160000e-02,-2.966513e+83,-2.966513e+83,-2.966513e+83
3.170000e-02,5.933027e+83,5.933027e+83,5.933027e+83
3.180000e-02,-1.186605e+84,-1.186605e+84,-1.186605e+84
3.190000e-02,2.373211e+84,2.373211e+84,2.373211e+84
3.200000e-02,-4.746421e+84,-4.746421e+84,-4.746421e+84
3.210000e-02,9.492843e+84,9.492843e+84,9.492843e+84
3.220000e-02,-1.898569e+85,-1.898569e+85,-1.898569e+85
3.230000e-02,3.797137e+85,3.797137e+85,3.797137e+85
3.240000e-02,-7.594274e+85,-7.594274e+85,-7.594274e+85
3.250000e-02,1.518855e+86,1.518855e+86,1.518855e+86
3.260000e-02,-3.037710e+86,-3.037710e+86,-3.037710e+86
3.270000e-02,6.075419e+86,6.075419e+86,6.075419e+86
3.280000e-02,-1.215084e+87,-1.215084e+87,-1.215084e+87
3.290000e-02,2.430168e+87,2.430168e+87,2.430168e+87
3.300000e-02,-4.860336e+87,-4.860336e+87,-4.860336e+87
3.310000e-02,9.720671e+87,9.720671e+87,9.720671e+87
3.320000e-02,-1.944134e+88,-1.944134e+88,-1.944134e+88
3.330000e-02,3.888268e+88,3.888268e+88,3.888268e+88
3.340000e-02,-7.776537e+88,-7.776537e+88,-7.776537e+88
3.350000e-02,1.555307e+89,1.555307e+89,1.555307e+89
3.360000e-02,-3.110615e+89,-3.110615e+89,-3.110615e+89
3.370000e-02,6.221230e+89,6.221230e+89,6.221230e+89
3.380000e-02,-1.244246e+90,-1.244246e+90,-1.244246e+90
3.390000e-02,2.488492e+90,2.488492e+90,2.488492e+90
3.400000e-02,-4.976984e+90,-4.976984e+90,-4.976984e+90
3.410000e-02,9.953967e+90,9.953967e+90,9.953967e+90
3.420000e-02,-1.990793e+91,-1.990793e+91,-1.990793e+91
3.430000e-02,3.981587e+91,3.981587e+91,3.981587e+91
3.440000e-02,-7.963174e+91,-7.963174e+91,-7.963174e+91
3.450000e-02,1.592635e+92,1.592635e+92,1.592635e+92
3.460000e-02,-3.185270e+92,-3.185270e+92,-3.185270e+92
3.470000e-02,6.370539e+92,6.370539e+92,6.370539e+92
3.480000e-02,-1.274108e+93,-1.274108e+93,-1.274108e+93
3.490000e-02,2.548216e+93,2.548216e+93,2.548216e+93
3.500000e-02,-5.096431e+93,-5.096431e+93,-5.096431e+93
3.510000e-02,1.019286e+94,1.019286e+94,1.019286e+94
3.520000e-02,-2.038572e+94,-2.038572e+94,-2.038572e+94
3.530000e-02,4.077145e+94,4.077145e+94,4.077145e+94
3.540000e-02,-8.154290e+94,-8.154290e+94,-8.154290e+94
3.550000e-02,1.630858e+95,1.630858e+95,1.630858e+95
3.560000e-02,-3.261716e+95,-3.261716e+95,-3.261716e+95
3.570000e-02,6.523432e+95,6.523432e+95,6.523432e+95
3.580000e-02,-1.304686e+96,-1.304686e+96,-1.304686e+96
3.590000e-02,2.609373e+96,2.609373e+96,2.609373e+96
3.600000e-02,-5.218746e+96,-5.218746e+96,-5.218746e+96
3.610000e-02,1.043749e+97,1.043749e+97,1.043749e+97
3.620000e-02,-2.087498e+97,-2.087498e+97,-2.087498e+97
3.630000e-02,4.174996e+97,4.174996e+97,4.174996e+97
3.640000e-02,-8.349993e+97,-8.349993e+97,-8.349993e+97
3.650000e-02,1.669999e+98,1.669999e+98,1.669999e+98
3.660000e-02,-3.339997e+98,-3.339997e+98,-3.339997e+98
3.670000e-02,6.679994e+98,6.679994e+98,6.679994e+98
3.680000e-02,-1.335999e+99,-1.335999e+99,-1.335999e+99
3.690000e-02,2.671998e+99,2.671998e+99,2.671998e+99
3.700000e-02,-5.343995e+99,-5.343995e+99,-5.343995e+99
3.710000e-02,1.068799e+100,1.068799e+100,1.068799e+100
3.720000e-02,-2.137598e+100,-2.137598e+100,-2.137598e+100
3.730000e-02,4.275196e+100,4.275196e+100,4.275196e+100
3.740000e-02,-8.550393e+100,-8.550393e+100,-8.550393e+100
3.750000e-02,1.710079e+101,1.710079e+101,1.710079e+101
3.760000e-02,-3.420157e+101,-3.420157e+101,-3.420157e+101
3.770000e-02,6.840314e+101,6.840314e+101,6.840314e+101
3.780000e-02,-1.368063e+102,-1.368063e+102,-1.368063e+102
3.790000e-02,2.736126e+102,2.736126e+102,2.736126e+102
3.800000e-02,-5.472251e+102,-5.472251e+102,-5.472251e+102
3.810000e-02,1.094450e+103,1.094450e+103,1.094450e+103
3.820000e-02,-2.188901e+103,-2.188901e+103,-2.188901e+103
3.830000e-02,4.377801e+103,4.377801e+103,4.377801e+103
3.840000e-02,-8.755602e+103,-8.755602e+103,-8.755602e+103
3.850000e-02,1.751120e+104,1.751120e+104,1.751120e+104
3.860000e-02,-3.502241e+104,-3.502241e+104,-3.502241e+104
3.870000e-02,7.004482e+104,7.004482e+104,7.004482e+104
3.880000e-02,-1.400896e+105,-1.400896e+105,-1.400896e+105
3.890000e-02,2.801793e+105,2.801793e+105,2.801793e+105
3.900000e-02,-5.603585e+105,-5.603585e+105,-5.603585e+105
3.910000e-02,1.120717e+106,1.120717e+106,1.120717e+106
3.920000e-02,-2.241434e+106,-2.241434e+106,-2.241434e+106
3.930000e-02,4.482868e+106,4.482868e+106,4.482868e+106
3.940000e-02,-8.965737e+106,-8.965737e+106,-8.965737e+106
3.950000e-02,1.793147e+107,1.793147e+107,1.793147e+107
3.960000e-02,-3.586295e+107,-3.586295e+107,-3.586295e+107
3.970000e-02,7.172589e+107,7.172589e+107,7.172589e+107
3.980000e-02,-1.434518e+108,-1.434518e+108,-1.434518e+108
3.990000e-02,2.869036e+108,2.869036e+108,2.869036e+108
4.000000e-02,-5.738071e+108,-5.738071e+108,-5.738071e+108
4.010000e-02,1.147614e+109,1.147614e+109,1.147614e+109
4.020000e-02,-2.295229e+109,-2.295229e+109,-2.295229e+109
4.030000e-02,4.590457e+109,4.590457e+109,4.590457e+109
4.040000e-02,-9.180914e+109,-9.180914e+109,-9.180914e+109
4.050000e-02,1.836183e+110,1.836183e+110,1.836183e+110
4.060000e-02,-3.672366e+110,-3.672366e+110,-3.672366e+110
4.070000e-02,7.344731e+110,7.344731e+110,7.344731e+110
4.080000e-02,-1.468946e+111,-1.468946e+111,-1.468946e+111
4.090000e-02,2.937893e+111,2.937893e+111,2.937893e+111
4.100000e-02,-5.875785e+111,-5.875785e+111,-5.875785e+111
4.110000e-02,1.175157e+112,1.175157e+112,1.175157e+112
4.120000e-02,-2.350314e+112,-2.350314e+112,-2.350314e+112
4.130000e-02,4.700628e+112,4.700628e+112,4.700628e+112
4.140000e-02,-9.401256e+112,-9.401256e+112,-9.401256e+112
4.150000e-02,1.880251e+113,1.880251e+113,1.880251e+113
4.160000e-02,-3.760503e+113,-3.760503e+113,-3.760503e+113
4.170000e-02,7.521005e+113,7.521005e+113,7.521005e+113
4.180000e-02,-1.504201e+114,-1.504201e+114,-1.504201e+114
4.190000e-02,3.008402e+114,3.008402e+114,3.008402e+114
4.200000e-02,-6.016804e+114,-6.016804e+114,-6.016804e+114
4.210000e-02,1.203361e+115,1.203361e+115,1.203361e+115
4.220000e-02,-2.406722e+115,-2.406722e+115,-2.406722e+115
4.230000e-02,4.813443e+115,4.813443e+115,4.813443e+115
4.240000e-02,-9.626886e+115,-9.626886e+115,-9.626886e+115
4.250000e-02,1.925377e+116,1.925377e+116,1.925377e+116
4.260000e-02,-3.850755e+116,-3.850755e+116,-3.850755e+116
4.270000e-02,7.701509e+116,7.701509e+116,7.701509e+116
4.280000e-02,-1.540302e+117,-1.540302e+117,-1.540302e+117
4.290000e-02,3.080604e+117,3.080604e+117,3.080604e+117
4.300000e-02,-6.161207e+117,-6.161207e+117,-6.161207e+117
4.310000e-02,1.232241e+118,1.232241e+118,1.232241e+118
4.320000e-02,-2.464483e+118,-2.464483e+118,-2.464483e+118
4.330000e-02,4.928966e+118,4.928966e+118,4.928966e+118
4.340000e-02,-9.857932e+118,-9.857932e+118,-9.857932e+118
4.350000e-02,1.971586e+119,1.971586e+119,1.971586e+119
4.360000e-02,-3.943173e+119,-3.943173e+119,-3.943173e+119
4.370000e-02,7.886345e+119,7.886345e+119,7.886345e+119
4.380000e-02,-1.577269e+120,-1.577269e+120,-1.577269e+120
4.390000e-02,3.154538e+120,3.154538e+120,3.154538e+120
4.400000e-02,-6.309076e+120,-6.309076e+120,-6.309076e+120
4.410000e-02,1.261815e+121,1.261815e+121,1.261815e+121
4.420000e-02,-2.523631e+121,-2.523631e+121,-2.523631e+121
4.430000e-02,5.047261e+121,5.047261e+121,5.047261e+121
4.440000e-02,-1.009452e+122,-1.009452e+122,-1.009452e+122
4.450000e-02,2.018904e+122,2.018904e+122,2.018904e+122
4.460000e-02,-4.037809e+122,-4.037809e+122,-4.037809e+122
4.470000e-02,8.075618e+122,8.075618e+122,8.075618e+122
4.480000e-02,-1.615124e+123,-1.615124e+123,-1.615124e+123
4.490000e-02,3.230247e+123,3.230247e+123,3.230247e+123
4.500000e-02,-6.460494e+123,-6.460494e+123,-6.460494e+123
4.510000e-02,1.292099e+124,1.292099e+124,1.292099e+124
4.520000e-02,-2.584198e+124,-2.584198e+124,-2.584198e+124
4.530000e-02,5.168395e+124,5.168395e+124,5.168395e+124
4.540000e-02,-1.033679e+125,-1.033679e+125,-1.033679e+125
4.550000e-02,2.067358e+125,2.067358e+125,2.067358e+125
4.560000e-02,-4.134716e+125,-4.134716e+125,-4.134716e+125
4.570000e-02,8.269432e+125,8.269432e+125,8.269432e+125
4.580000e-02,-1.653886e+126,-1.653886e+126,-1.653886e+126
4.590000e-02,3.307773e+126,3.307773e+126,3.307773e+126
4.600000e-02,-6.615546e+126,-6.615546e+126,-6.615546e+126
4.610000e-02,1.323109e+127,1.323109e+127,1.323109e+127
4.620000e-02,-2.646218e+127,-2.646218e+127,-2.646218e+127
4.630000e-02,5.292437e+127,5.292437e+127,5.292437e+127
4.640000e-02,-1.058487e+128,-1.058487e+128,-1.058487e+128
4.650000e-02,2.116975e+128,2.116975e+128,2.116975e+128
4.660000e-02,-4.233949e+128,-4.233949e+128,-4.233949e+128
4.670000e-02,8.467899e+128,8.467899e+128,8.467899e+128
4.680000e-02,-1.693580e+129,-1.693580e+129,-1.693580e+129
4.690000e-02,3.387160e+129,3.387160e+129,3.387160e+129
4.700000e-02,-6.774319e+129,-6.774319e+129,-6.774319e+129
4.710000e-02,1.354864e+130,1.354864e+130,1.354864e+130
4.720000e-02,-2.709728e+130,-2.709728e+130,-2.709728e+130
4.730000e-02,5.419455e+130,5.419455e+130,5.419455e+130
4.740000e-02,-1.083891e+131,-1.083891e+131,-1.083891e+131
4.750000e-02,2.167782e+131,2.167782e+131,2.167782e+131
4.760000e-02,-4.335564e+131,-4.335564e+131,-4.335564e+131
4.770000e-02,8.671128e+131,8.671128e+131,8.671128e+131
4.780000e-02,-1.734226e+132,-1.734226e+132,-1.734226e+132
4.790000e-02,3.468451e+132,3.468451e+132,3.468451e+132
4.800000e-02,-6.936903e+132,-6.936903e+132,-6.936903e+132
4.810000e-02,1.387381e+133,1.387381e+133,1.387381e+133
4.820000e-02,-2.774761e+133,-2.774761e+133,-2.774761e+133
4.830000e-02,5.549522e+133,5.549522e+133,5.549522e+133
4.840000e-02,-1.109904e+134,-1.109904e+134,-1.109904e+134
4.850000e-02,2.219809e+134,2.219809e+134,2.219809e+134
4.860000e-02,-4.439618e+134,-4.439618e+134,-4.439618e+134
4.870000e-02,8.879235e+134,8.879235e+134,8.879235e+134
4.880000e-02,-1.775847e+135,-1.775847e+135,-1.775847e+135
4.890000e-02,3.551694e+135,3.551694e+135,3.551694e+135
4.900000e-02,-7.103388e+135,-7.103388e+135,-7.103388e+135
4.910000e-02,1.420678e+136,1.420678e+136,1.420678e+136
4.920000e-02,-2.841355e+136,-2.841355e+136,-2.841355e+136
4.930000e-02,5.682711e+136,5.682711e+136,5.682711e+136
4.940000e-02,-1.136542e+137,-1.136542e+137,-1.136542e+137
4.950000e-02,2.273084e+137,2.273084e+137,2.273084e+137
4.960000e-02,-4.546169e+137,-4.546169e+137,-4.546169e+137
4.970000e-02,9.092337e+137,9.092337e+137,9.092337e+137
4.980000e-02,-1.818467e+138,-1.818467e+138,-1.818467e+138
4.990000e-02,3.636935e+138,3.636935e+138,3.636935e+138
5.000000e-02,-7.273870e+138,-7.273870e+138,-7.273870e+138
5.010000e-02,1.454774e+139,1.454774e+139,1.454774e+139
5.020000e-02,-2.909548e+139,-2.909548e+139,-2.909548e+139
5.030000e-02,5.819096e+139,5.819096e+139,5.819096e+139
5.040000e-02,-1.163819e+140,-1.163819e+140,-1.163819e+140
5.050000e-02,2.327638e+140,2.327638e+140,2.327638e+140
5.060000e-02,-4.655277e+140,-4.655277e+140,-4.655277e+140
5.070000e-02,9.310553e+140,9.310553e+140,9.310553e+140
5.080000e-02,-1.862111e+141,-1.862111e+141,-1.862111e+141
5.090000e-02,3.724221e+141,3.724221e+141,3.724221e+141
5.100000e-02,-7.448443e+141,-7.448443e+141,-7.448443e+141
5.110000e-02,1.489689e+142,1.489689e+142,1.489689e+142
5.120000e-02,-2.979377e+142,-2.979377e+142,-2.979377e+142
5.130000e-02,5.958754e+142,5.958754e+142,5.958754e+142
5.140000e-02,-1.191751e+143,-1.191751e+143,-1.191751e+143
5.150000e-02,2.383502e+143,2.383502e+143,2.383502e+143
5.160000e-02,-4.767003e+143,-4.767003e+143,-4.767003e+143
5.170000e-02,9.534007e+143,9.534007e+143,9.534007e+143
5.180000e-02,-1.906801e+144,-1.906801e+144,-1.906801e+144
5.190000e-02,3.813603e+144,3.813603e+144,3.813603e+144
5.200000e-02,-7.627205e+144,-7.627205e+144,-7.627205e+144
5.210000e-02,1.525441e+145,1.525441e+145,1.525441e+145
5.220000e-02,-3.050882e+145,-3.050882e+145,-3.050882e+145
5.230000e-02,6.101764e+145,6.101764e+145,6.101764e+145
5.240000e-02,-1.220353e+146,-1.220353e+146,-1.220353e+146
5.250000e-02,2.440706e+146,2.440706e+146,2.440706e+146
5.260000e-02,-4.881411e+146,-4.881411e+146,-4.881411e+146
5.270000e-02,9.762823e+146,9.762823e+146,9.762823e+146
5.280000e-02,-1.952565e+147,-1.952565e+147,-1.952565e+147
5.290000e-02,3.905129e+147,3.905129e+147,3.905129e+147
5.300000e-02,-7.810258e+147,-7.810258e+147,-7.810258e+147
5.310000e-02,1.562052e+148,1.562052e+148,1.562052e+148
5.320000e-02,-3.124103e+148,-3.124103e+148,-3.124103e+148
5.330000e-02,6.248207e+148,6.248207e+148,6.248207e+148
5.340000e-02,-1.249641e+149,-1.249641e+149,-1.249641e+149
5.350000e-02,2.499283e+149,2.499283e+149,2.499283e+149
5.360000e-02,-4.998565e+149,-4.998565e+149,-4.998565e+149
5.370000e-02,9.997130e+149,9.997130e+149,9.997130e+149
5.380000e-02,-1.999426e+150,-1.999426e+150,-1.999426e+150
5.390000e-02,3.998852e+150,3.998852e+150,3.998852e+150
5.400000e-02,-7.997704e+150,-7.997704e+150,-7.997704e+150
5.410000e-02,1.599541e+151,1.599541e+151,1.599541e+151
5.420000e-02,-3.199082e+151,-3.199082e+151,-3.199082e+151
5.430000e-02,6.398163e+151,6.398163e+151,6.398163e+151
5.440000e-02,-1.279633e+152,-1.279633e+152,-1.279633e+152
5.450000e-02,2.559265e+152,2.559265e+152,2.559265e+152
5.460000e-02,-5.118531e+152,-5.118531e+152,-5.118531e+152
5.470000e-02,1.023706e+153,1.023706e+153,1.023706e+153
5.480000e-02,-2.047412e+153,-2.047412e+153,-2.047412e+153
5.490000e-02,4.094825e+153,4.094825e+153,4.094825e+153
5.500000e-02,-8.189649e+153,-8.189649e+153,-8.189649e+153
5.510000e-02,1.637930e+154,1.637930e+154,1.637930e+154
5.520000e-02,-3.275860e+154,-3.275860e+154,-3.275860e+154
5.530000e-02,6.551719e+154,6.551719e+154,6.551719e+154
5.540000e-02,-1.310344e+155,-1.310344e+155,-1.310344e+155
5.550000e-02,2.620688e+155,2.620688e+155,2.620688e+155
5.560000e-02,-5.241376e+155,-5.241376e+155,-5.241376e+155
5.570000e-02,1.048275e+156,1.048275e+156,1.048275e+156
5.580000e-02,-2.096550e+156,-2.096550e+156,-2.096550e+156
5.590000e-02,4.193100e+156,4.193100e+156,4.193100e+156
5.600000e-02,-8.386201e+156,-8.386201e+156,-8.386201e+156
5.610000e-02,1.677240e+157,1.677240e+157,1.677240e+157
5.620000e-02,-3.354480e+157,-3.354480e+157,-3.354480e+157
5.630000e-02,6.708961e+157,6.708961e+157,6.708961e+157
5.640000e-02,-1.341792e+158,-1.341792e+158,-1.341792e+158
5.650000e-02,2.683584e+158,2.683584e+158,2.683584e+158
5.660000e-02,-5.367169e+158,-5.367169e+158,-5.367169e+158
5.670000e-02,1.073434e+159,1.073434e+159,1.073434e+159
5.680000e-02,-2.146867e+159,-2.146867e+159,-2.146867e+159
5.690000e-02,4.293735e+159,4.293735e+159,4.293735e+159
5.700000e-02,-8.587470e+159,-8.587470e+159,-8.587470e+159
5.710000e-02,1.717494e+160,1.717494e+160,1.717494e+160
5.720000e-02,-3.434988e+160,-3.434988e+160,-3.434988e+160
5.730000e-02,6.869976e+160,6.869976e+160,6.869976e+160
5.740000e-02,-1.373995e+161,-1.373995e+161,-1.373995e+161
5.750000e-02,2.747990e+161,2.747990e+161,2.747990e+161
5.760000e-02,-5.495981e+161,-5.495981e+161,-5.495981e+161
5.770000e-02,1.099196e+162,1.099196e+162,1.099196e+162
5.780000e-02,-2.198392e+162,-2.198392e+162,-2.198392e+162
5.790000e-02,4.396784e+162,4.396784e+162,4.396784e+162
5.800000e-02,-8.793569e+162,-8.793569e+162,-8.793569e+162
5.810000e-02,1.758714e+163,1.758714e+163,1.758714e+163
5.820000e-02,-3.517428e+163,-3.517428e+163,-3.517428e+163
5.830000e-02,7.034855e+163,7.034855e+163,7.034855e+163
5.840000e-02,-1.406971e+164,-1.406971e+164,-1.406971e+164
5.850000e-02,2.813942e+164,2.813942e+164,2.813942e+164
5.860000e-02,-5.627884e+164,-5.627884e+164,-5.627884e+164
5.870000e-02,1.125577e+165,1.125577e+165,1.125577e+165
5.880000e-02,-2.251154e+165,-2.251154e+165,-2.251154e+165
5.890000e-02,4.502307e+165,4.502307e+165,4.502307e+165
5.900000e-02,-9.004615e+165,-9.004615e+165,-9.004615e+165
5.910000e-02,1.800923e+166,1.800923e+166,1.800923e+166
5.920000e-02,-3.601846e+166,-3.601846e+166,-3.601846e+166
5.930000e-02,7.203692e+166,7.203692e+166,7.203692e+166
5.940000e-02,-1.440738e+167,-1.440738e+167,-1.440738e+167
5.950000e-02,2.881477e+167,2.881477e+167,2.881477e+167
5.960000e-02,-5.762953e+167,-5.762953e+167,-5.762953e+167
5.970000e-02,1.152591e+168,1.152591e+168,1.152591e+168
5.980000e-02,-2.305181e+168,-2.305181e+168,-2.305181e+168
5.990000e-02,4.610363e+168,4.610363e+168,4.610363e+168
6.000000e-02,-9.220725e+168,-9.220725e+168,-9.220725e+168
6.010000e-02,1.844145e+169,1.844145e+169,1.844145e+169
6.020000e-02,-3.688290e+169,-3.688290e+169,-3.688290e+169
6.030000e-02,7.376580e+169,7.376580e+169,7.376580e+169
6.040000e-02,-1.475316e+170,-1.475316e+170,-1.475316e+170
6.050000e-02,2.950632e+170,2.950632e+170,2.950632e+170
6.060000e-02,-5.901264e+170,-5.901264e+170,-5.901264e+170
6.070000e-02,1.180253e+171,1.180253e+171,1.180253e+171
6.080000e-02,-2.360506e+171,-2.360506e+171,-2.360506e+171
6.090000e-02,4.721011e+171,4.721011e+171,4.721011e+171
6.100000e-02,-9.442023e+171,-9.442023e+171,-9.442023e+171
6.110000e-02,1.888405e+172,1.888405e+172,1.888405e+172
6.120000e-02,-3.776809e+172,-3.776809e+172,-3.776809e+172
6.130000e-02,7.553618e+172,7.553618e+172,7.553618e+172
6.140000e-02,-1.510724e+173,-1.510724e+173,-1.510724e+173
6.150000e-02,3.021447e+173,3.021447e+173,3.021447e+173
6.160000e-02,-6.042895e+173,-6.042895e+173,-6.042895e+173
6.170000e-02,1.208579e+174,1.208579e+174,1.208579e+174
6.180000e-02,-2.417158e+174,-2.417158e+174,-2.417158e+174
6.190000e-02,4.834316e+174,4.834316e+174,4.834316e+174
6.200000e-02,-9.668631e+174,-9.668631e+174,-9.668631e+174
6.210000e-02,1.933726e+175,1.933726e+175,1.933726e+175
6.220000e-02,-3.867453e+175,-3.867453e+175,-3.867453e+175
6.230000e-02,7.734905e+175,7.734905e+175,7.734905e+175
6.240000e-02,-1.546981e+176,-1.546981e+176,-1.546981e+176
6.250000e-02,3.093962e+176,3.093962e+176,3.093962e+176
6.260000e-02,-6.187924e+176,-6.187924e+176,-6.187924e+176
6.270000e-02,1.237585e+177,1.237585e+177,1.237585e+177
6.280000e-02,-2.475170e+177,-2.475170e+177,-2.475170e+177
6.290000e-02,4.950339e+177,4.950339e+177,4.950339e+177
6.300000e-02,-9.900678e+177,-9.900678e+177,-9.900678e+177
6.310000e-02,1.980136e+178,1.980136e+178,1.980136e+178
6.320000e-02,-3.960271e+178,-3.960271e+178,-3.960271e+178
6.330000e-02,7.920543e+178,7.920543e+178,7.920543e+178
6.340000e-02,-1.584109e+179,-1.584109e+179,-1.584109e+179
6.350000e-02,3.168217e+179,3.168217e+179,3.168217e+179
6.360000e-02,-6.336434e+179,-6.336434e+179,-6.336434e+179
6.370000e-02,1.267287e+180,1.267287e+180,1.267287e+180
6.380000e-02,-2.534574e+180,-2.534574e+180,-2.534574e+180
6.390000e-02,5.069147e+180,5.069147e+180,5.069147e+180
6.400000e-02,-1.013829e+181,-1.013829e+181,-1.013829e+181
6.410000e-02,2.027659e+181,2.027659e+181,2.027659e+181
6.420000e-02,-4.055318e+181,-4.055318e+181,-4.055318e+181
6.430000e-02,8.110636e+181,8.110636e+181,8.110636e+181
6.440000e-02,-1.622127e+182,-1.622127e+182,-1.622127e+182
6.450000e-02,3.244254e+182,3.244254e+182,3.244254e+182
6.460000e-02,-6.488509e+182,-6.488509e+182,-6.488509e+182
6.470000e-02,1.297702e+183,1.297702e+183,1.297702e+183
6.480000e-02,-2.595403e+183,-2.595403e+183,-2.595403e+183
6.490000e-02,5.190807e+183,5.190807e+183,5.190807e+183
6.500000e-02,-1.038161e+184,-1.038161e+184,-1.038161e+184
6.510000e-02,2.076323e+184,2.076323e+184,2.076323e+184
6.520000e-02,-4.152646e+184,-4.152646e+184,-4.152646e+184
6.530000e-02,8.305291e+184,8.305291e+184,8.305291e+184
6.540000e-02,-1.661058e+185,-1.661058e+185,-1.661058e+185
6.550000e-02,3.322116e+185,3.322116e+185,3.322116e+185
6.560000e-02,-6.644233e+185,-6.644233e+185,-6.644233e+185
6.570000e-02,1.328847e+186,1.328847e+186,1.328847e+186
6.580000e-02,-2.657693e+186,-2.657693e+186,-2.657693e+186
6.590000e-02,5.315386e+186,5.315386e+186,5.315386e+186
6.600000e-02,-1.063077e+187,-1.063077e+187,-1.063077e+187
6.610000e-02,2.126154e+187,2.126154e+187,2.126154e+187
6.620000e-02,-4.252309e+187,-4.252309e+187,-4.252309e+187
6.630000e-02,8.504618e+187,8.504618e+187,8.504618e+187
6.640000e-02,-1.700924e+188,-1.700924e+188,-1.700924e+188
6.650000e-02,3.401847e+188,3.401847e+188,3.401847e+188
6.660000e-02,-6.803694e+188,-6.803694e+188,-6.803694e+188
6.670000e-02,1.360739e+189,1.360739e+189,1.360739e+189
6.680000e-02,-2.721478e+189,-2.721478e+189,-2.721478e+189
6.690000e-02,5.442956e+189,5.442956e+189,5.442956e+189
6.700000e-02,-1.088591e+190,-1.088591e+190,-1.088591e+190
6.710000e-02,2.177182e+190,2.177182e+190,2.177182e+190
6.720000e-02,-4.354364e+190,-4.354364e+190,-4.354364e+190
6.730000e-02,8.708729e+190,8.708729e+190,8.708729e+190
6.740000e-02,-1.741746e+191,-1.741746e+191,-1.741746e+191
6.750000e-02,3.483492e+191,3.483492e+191,3.483492e+191
6.760000e-02,-6.966983e+191,-6.966983e+191,-6.966983e+191
6.770000e-02,1.393397e+192,1.393397e+192,1.393397e+192
6.780000e-02,-2.786793e+192,-2.786793e+192,-2.786793e+192
6.790000e-02,5.573586e+192,5.573586e+192,5.573586e+192
6.800000e-02,-1.114717e+193,-1.114717e+193,-1.114717e+193
6.810000e-02,2.229435e+193,2.229435e+193,2.229435e+193
6.820000e-02,-4.458869e+193,-4.458869e+193,-4.458869e+193
6.830000e-02,8.917738e+193,8.917738e+193,8.917738e+193
6.840000e-02,-1.783548e+194,-1.783548e+194,-1.783548e+194
6.850000e-02,3.567095e+194,3.567095e+194,3.567095e+194
6.860000e-02,-7.134191e+194,-7.134191e+194,-7.134191e+194
6.870000e-02,1.426838e+195,1.426838e+195,1.426838e+195
6.880000e-02,-2.853676e+195,-2.853676e+195,-2.853676e+195
6.890000e-02,5.707353e+195,5.707353e+195,5.707353e+195
6.900000e-02,-1.141471e+196,-1.141471e+196,-1.141471e+196
6.910000e-02,2.282941e+196,2.282941e+196,2.282941e+196
6.920000e-02,-4.565882e+196,-4.565882e+196,-4.565882e+196
6.930000e-02,9.131764e+196,9.131764e+196,9.131764e+196
6.940000e-02,-1.826353e+197,-1.826353e+197,-1.826353e+197
6.950000e-02,3.652706e+197,3.652706e+197,3.652706e+197
6.960000e-02,-7.305411e+197,-7.305411e+197,-7.305411e+197
6.970000e-02,1.461082e+198,1.461082e+198,1.461082e+198
6.980000e-02,-2.922164e+198,-2.922164e+198,-2.922164e+198
6.990000e-02,5.844329e+198,5.844329e+198,5.844329e+198
7.000000e-02,-1.168866e+199,-1.168866e+199,-1.168866e+199
7.010000e-02,2.337732e+199,2.337732e+199,2.337732e+199
7.020000e-02,-4.675463e+199,-4.675463e+199,-4.675463e+199
7.030000e-02,9.350926e+199,9.350926e+199,9.350926e+199
7.040000e-02,-1.870185e+200,-1.870185e+200,-1.870185e+200
7.050000e-02,3.740371e+200,3.740371e+200,3.740371e+200
7.060000e-02,-7.480741e+200,-7.480741e+200,-7.480741e+200
7.070000e-02,1.496148e+201,1.496148e+201,1.496148e+201
7.080000e-02,-2.992296e+201,-2.992296e+201,-2.992296e+201
7.090000e-02,5.984593e+201,5.984593e+201,5.984593e+201
7.100000e-02,-1.196919e+202,-1.196919e+202,-1.196919e+202
7.110000e-02,2.393837e+202,2.393837e+202,2.393837e+202
7.120000e-02,-4.787674e+202,-4.787674e+202,-4.787674e+202
7.130000e-02,9.575349e+202,9.575349e+202,9.575349e+202
7.140000e-02,-1.915070e+203,-1.915070e+203,-1.915070e+203
7.150000e-02,3.830139e+203,3.830139e+203,3.830139e+203
7.160000e-02,-7.660279e+203,-7.660279e+203,-7.660279e+203
7.170000e-02,1.532056e+204,1.532056e+204,1.532056e+204
7.180000e-02,-3.064112e+204,-3.064112e+204,-3.064112e+204
7.190000e-02,6.128223e+204,6.128223e+204,6.128223e+204
7.200000e-02,-1.225645e+205,-1.225645e+205,-1.225645e+205
7.210000e-02,2.451289e+205,2.451289e+205,2.451289e+205
7.220000e-02,-4.902578e+205,-4.902578e+205,-4.902578e+205
7.230000e-02,9.805157e+205,9.805157e+205,9.805157e+205
7.240000e-02,-1.961031e+206,-1.961031e+206,-1.961031e+206
7.250000e-02,3.922063e+206,3.922063e+206,3.922063e+206
7.260000e-02,-7.844126e+206,-7.844126e+206,-7.844126e+206
7.270000e-02,1.568825e+207,1.568825e+207,1.568825e+207
7.280000e-02,-3.137650e+207,-3.137650e+207,-3.137650e+207
7.290000e-02,6.275300e+207,6.275300e+207,6.275300e+207
7.300000e-02,-1.255060e+208,-1.255060e+208,-1.255060e+208
7.310000e-02,2.510120e+208,2.510120e+208,2.510120e+208
7.320000e-02,-5.020240e+208,-5.020240e+208,-5.020240e+208
7.330000e-02,1.004048e+209,1.004048e+209,1.004048e+209
7.340000e-02,-2.008096e+209,-2.008096e+209,-2.008096e+209
7.350000e-02,4.016192e+209,4.016192e+209,4.016192e+209
7.360000e-02,-8.032385e+209,-8.032385e+209,-8.032385e+209
7.370000e-02,1.606477e+210,1.606477e+210,1.606477e+210
7.380000e-02,-3.212954e+210,-3.212954e+210,-3.212954e+210
7.390000e-02,6.425908e+210,6.425908e+210,6.425908e+210
7.400000e-02,-1.285182e+211,-1.285182e+211,-1.285182e+211
7.410000e-02,2.570363e+211,2.570363e+211,2.570363e+211
7.420000e-02,-5.140726e+211,-5.140726e+211,-5.140726e+211
7.430000e-02,1.028145e+212,1.028145e+212,1.028145e+212
7.440000e-02,-2.056290e+212,-2.056290e+212,-2.056290e+212
7.450000e-02,4.112581e+212,4.112581e+212,4.112581e+212
7.460000e-02,-8.225162e+212,-8.225162e+212,-8.225162e+212
7.470000e-02,1.645032e+213,1.645032e+213,1.645032e+213
7.480000e-02,-3.290065e+213,-3.290065e+213,-3.290065e+213
7.490000e-02,6.580129e+213,6.580129e+213,6.580129e+213
7.500000e-02,-1.316026e+214,-1.316026e+214,-1.316026e+214
7.510000e-02,2.632052e+214,2.632052e+214,2.632052e+214
7.520000e-02,-5.264104e+214,-5.264104e+214,-5.264104e+214
7.530000e-02,1.052821e+215,1.052821e+215,1.052821e+215
7.540000e-02,-2.105641e+215,-2.105641e+215,-2.105641e+215
7.550000e-02,4.211283e+215,4.211283e+215,4.211283e+215
7.560000e-02,-8.422566e+215,-8.422566e+215,-8.422566e+215
7.570000e-02,1.684513e+216,1.684513e+216,1.684513e+216
7.580000e-02,-3.369026e+216,-3.369026e+216,-3.369026e+216
7.590000e-02,6.738053e+216,6.738053e+216,6.738053e+216
7.600000e-02,-1.347611e+217,-1.347611e+217,-1.347611e+217
7.610000e-02,2.695221e+217,2.695221e+217,2.695221e+217
7.620000e-02,-5.390442e+217,-5.390442e+217,-5.390442e+217
7.630000e-02,1.078088e+218,1.078088e+218,1.078088e+218
7.640000e-02,-2.156177e+218,-2.156177e+218,-2.156177e+218
7.650000e-02,4.312354e+218,4.312354e+218,4.312354e+218
7.660000e-02,-8.624707e+218,-8.624707e+218,-8.624707e+218
7.670000e-02,1.724941e+219,1.724941e+219,1.724941e+219
7.680000e-02,-3.449883e+219,-3.449883e+219,-3.449883e+219
7.690000e-02,6.899766e+219,6.899766e+219,6.899766e+219
7.700000e-02,-1.379953e+220,-1.379953e+220,-1.379953e+220
7.710000e-02,2.759906e+220,2.759906e+220,2.759906e+220
7.720000e-02,-5.519813e+220,-5.519813e+220,-5.519813e+220
7.730000e-02,1.103963e+221,1.103963e+221,1.103963e+221
7.740000e-02,-2.207925e+221,-2.207925e+221,-2.207925e+221
7.750000e-02,4.415850e+221,4.415850e+221,4.415850e+221
7.760000e-02,-8.831700e+221,-8.831700e+221,-8.831700e+221
7.770000e-02,1.766340e+222,1.766340e+222,1.766340e+222
7.780000e-02,-3.532680e+222,-3.532680e+222,-3.532680e+222
7.790000e-02,7.065360e+222,7.065360e+222,7.065360e+222
7.800000e-02,-1.413072e+223,-1.413072e+223,-1.413072e+223
7.810000e-02,2.826144e+223,2.826144e+223,2.826144e+223
7.820000e-02,-5.652288e+223,-5.652288e+223,-5.652288e+223
7.830000e-02,1.130458e+224,1.130458e+224,1.130458e+224
7.840000e-02,-2.260915e+224,-2.260915e+224,-2.260915e+224
7.850000e-02,4.521831e+224,4.521831e+224,4.521831e+224
7.860000e-02,-9.043661e+224,-9.043661e+224,-9.043661e+224
7.870000e-02,1.808732e+225,1.808732e+225,1.808732e+225
7.880000e-02,-3.617464e+225,-3.617464e+225,-3.617464e+225
7.890000e-02,7.234929e+225,7.234929e+225,7.234929e+225
7.900000e-02,-1.446986e+226,-1.446986e+226,-1.446986e+226
7.910000e-02,2.893972e+226,2.893972e+226,2.893972e+226
7.920000e-02,-5.787943e+226,-5.787943e+226,-5.787943e+226
7.930000e-02,1.157589e+227,1.157589e+227,1.157589e+227
7.940000e-02,-2.315177e+227,-2.315177e+227,-2.315177e+227
7.950000e-02,4.630354e+227,4.630354e+227,4.630354e+227
7.960000e-02,-9.260709e+227,-9.260709e+227,-9.260709e+227
7.970000e-02,1.852142e+228,1.852142e+228,1.852142e+228
7.980000e-02,-3.704284e+228,-3.704284e+228,-3.704284e+228
7.990000e-02,7.408567e+228,7.408567e+228,7.408567e+228
8.000000e-02,-1.481713e+229,-1.481713e+229,-1.481713e+229
8.010000e-02,2.963427e+229,2.963427e+229,2.963427e+229
8.020000e-02,-5.926854e+229,-5.926854e+229,-5.926854e+229
8.030000e-02,1.185371e+230,1.185371e+230,1.185371e+230
8.040000e-02,-2.370741e+230,-2.370741e+230,-2.370741e+230
8.050000e-02,4.741483e+230,4.741483e+230,4.741483e+230
8.060000e-02,-9.482966e+230,-9.482966e+230,-9.482966e+230
8.070000e-02,1.896593e+231,1.896593e+231,1.896593e+231
8.080000e-02,-3.793186e+231,-3.793186e+231,-3.793186e+231
8.090000e-02,7.586373e+231,7.586373e+231,7.586373e+231
8.100000e-02,-1.517275e+232,-1.517275e+232,-1.517275e+232
8.110000e-02,3.034549e+232,3.034549e+232,3.034549e+232
8.120000e-02,-6.069098e+232,-6.069098e+232,-6.069098e+232
8.130000e-02,1.213820e+233,1.213820e+233,1.213820e+233
8.140000e-02,-2.427639e+233,-2.427639e+233,-2.427639e+233
8.150000e-02,4.855279e+233,4.855279e+233,4.855279e+233
8.160000e-02,-9.710557e+233,-9.710557e+233,-9.710557e+233
8.170000e-02,1.942111e+234,1.942111e+234,1.942111e+234
8.180000e-02,-3.884223e+234,-3.884223e+234,-3.884223e+234
8.190000e-02,7.768446e+234,7.768446e+234,7.768446e+234
8.200000e-02,-1.553689e+235,-1.553689e+235,-1.553689e+235
8.210000e-02,3.107378e+235,3.107378e+235,3.107378e+235
8.220000e-02,-6.214757e+235,-6.214757e+235,-6.214757e+235
8.230000e-02,1.242951e+236,1.242951e+236,1.242951e+236
8.240000e-02,-2.485903e+236,-2.485903e+236,-2.485903e+236
8.250000e-02,4.971805e+236,4.971805e+236,4.971805e+236
8.260000e-02,-9.943610e+236,-9.943610e+236,-9.943610e+236
8.270000e-02,1.988722e+237,1.988722e+237,1.988722e+237
8.280000e-02,-3.977444e+237,-3.977444e+237,-3.977444e+237
8.290000e-02,7.954888e+237,7.954888e+237,7.954888e+237
8.300000e-02,-1.590978e+238,-1.590978e+238,-1.590978e+238
8.310000e-02,3.181955e+238,3.181955e+238,3.181955e+238
8.320000e-02,-6.363911e+238,-6.363911e+238,-6.363911e+238
8.330000e-02,1.272782e+239,1.272782e+239,1.272782e+239
8.340000e-02,-2.545564e+239,-2.545564e+239,-2.545564e+239
8.350000e-02,5.091129e+239,5.091129e+239,5.091129e+239
8.360000e-02,-1.018226e+240,-1.018226e+240,-1.018226e+240
8.370000e-02,2.036451e+240,2.036451e+240,2.036451e+240
8.380000e-02,-4.072903e+240,-4.072903e+240,-4.072903e+240
8.390000e-02,8.145806e+240,8.145806e+240,8.145806e+240
8.400000e-02,-1.629161e+241,-1.629161e+241,-1.629161e+241
8.410000e-02,3.258322e+241,3.258322e+241,3.258322e+241
8.420000e-02,-6.516645e+241,-6.516645e+241,-6.516645e+241
8.430000e-02,1.303329e+242,1.303329e+242,1.303329e+242
8.440000e-02,-2.606658e+242,-2.606658e+242,-2.606658e+242
8.450000e-02,5.213316e+242,5.213316e+242,5.213316e+242
8.460000e-02,-1.042663e+243,-1.042663e+243,-1.042663e+243
8.470000e-02,2.085326e+243,2.085326e+243,2.085326e+243
8.480000e-02,-4.170653e+243,-4.170653e+243,-4.170653e+243
8.490000e-02,8.341305e+243,8.341305e+243,8.341305e+243
8.500000e-02,-1.668261e+244,-1.668261e+244,-1.668261e+244
8.510000e-02,3.336522e+244,3.336522e+244,3.336522e+244
8.520000e-02,-6.673044e+244,-6.673044e+244,-6.673044e+244
8.530000e-02,1.334609e+245,1.334609e+245,1.334609e+245
8.540000e-02,-2.669218e+245,-2.669218e+245,-2.669218e+245
8.550000e-02,5.338435e+245,5.338435e+245,5.338435e+245
8.560000e-02,-1.067687e+246,-1.067687e+246,-1.067687e+246
8.570000e-02,2.135374e+246,2.135374e+246,2.135374e+246
8.580000e-02,-4.270748e+246,-4.270748e+246,-4.270748e+246
8.590000e-02,8.541496e+246,8.541496e+246,8.541496e+246
8.600000e-02,-1.708299e+247,-1.708299e+247,-1.708299e+247
8.610000e-02,3.416599e+247,3.416599e+247,3.416599e+247
8.620000e-02,-6.833197e+247,-6.833197e+247,-6.833197e+247
8.630000e-02,1.366639e+248,1.366639e+248,1.366639e+248
8.640000e-02,-2.733279e+248,-2.733279e+248,-2.733279e+248
8.650000e-02,5.466558e+248,5.466558e+248,5.466558e+248
8.660000e-02,-1.093312e+249,-1.093312e+249,-1.093312e+249
8.670000e-02,2.186623e+249,2.186623e+249,2.186623e+249
8.680000e-02,-4.373246e+249,-4.373246e+249,-4.373246e+249
8.690000e-02,8.746492e+249,8.746492e+249,8.746492e+249
8.700000e-02,-1.749298e+250,-1.749298e+250,-1.749298e+250
8.710000e-02,3.498597e+250,3.498597e+250,3.498597e+250
8.720000e-02,-6.997194e+250,-6.997194e+250,-6.997194e+250
8.730000e-02,1.399439e+251,1.399439e+251,1.399439e+251
8.740000e-02,-2.798878e+251,-2.798878e+251,-2.798878e+251
8.750000e-02,5.597755e+251,5.597755e+251,5.597755e+251
8.760000e-02,-1.119551e+252,-1.119551e+252,-1.119551e+252
8.770000e-02,2.239102e+252,2.239102e+252,2.239102e+252
8.780000e-02,-4.478204e+252,-4.478204e+252,-4.478204e+252
8.790000e-02,8.956408e+252,8.956408e+252,8.956408e+252
8.800000e-02,-1.791282e+253,-1.791282e+253,-1.791282e+253
8.810000e-02,3.582563e+253,3.582563e+253,3.582563e+253
8.820000e-02,-7.165126e+253,-7.165126e+253,-7.165126e+253
8.830000e-02,1.433025e+254,1.433025e+254,1.433025e+254
8.840000e-02,-2.866051e+254,-2.866051e+254,-2.866051e+254
8.850000e-02,5.732101e+254,5.732101e+254,5.732101e+254
8.860000e-02,-1.146420e+255,-1.146420e+255,-1.146420e+255
8.870000e-02,2.292840e+255,2.292840e+255,2.292840e+255
8.880000e-02,-4.585681e+255,-4.585681e+255,-4.585681e+255
8.890000e-02,9.171362e+255,9.171362e+255,9.171362e+255
8.900000e-02,-1.834272e+256,-1.834272e+256,-1.834272e+256
8.910000e-02,3.668545e+256,3.668545e+256,3.668545e+256
8.920000e-02,-7.337090e+256,-7.337090e+256,-7.337090e+256
8.930000e-02,1.467418e+257,1.467418e+257,1.467418e+257
8.940000e-02,-2.934836e+257,-2.934836e+257,-2.934836e+257
8.950000e-02,5.869672e+257,5.869672e+257,5.869672e+257
8.960000e-02,-1.173934e+258,-1.173934e+258,-1.173934e+258
8.970000e-02,2.347869e+258,2.347869e+258,2.347869e+258
8.980000e-02,-4.695737e+258,-4.695737e+258,-4.695737e+258
8.990000e-02,9.391475e+258,9.391475e+258,9.391475e+258
9.000000e-02,-1.878295e+259,-1.878295e+259,-1.878295e+259
9.010000e-02,3.756590e+259,3.756590e+259,3.756590e+259
9.020000e-02,-7.513180e+259,-7.513180e+259,-7.513180e+259
9.030000e-02,1.502636e+260,1.502636e+260,1.502636e+260
9.040000e-02,-3.005272e+260,-3.005272e+260,-3.005272e+260
9.050000e-02,6.010544e+260,6.010544e+260,6.010544e+260
9.060000e-02,-1.202109e+261,-1.202109e+261,-1.202109e+261
9.070000e-02,2.404217e+261,2.404217e+261,2.404217e+261
9.080000e-02,-4.808435e+261,-4.808435e+261,-4.808435e+261
9.090000e-02,9.616870e+261,9.616870e+261,9.616870e+261
9.100000e-02,-1.923374e+262,-1.923374e+262,-1.923374e+262
9.110000e-02,3.846748e+262,3.846748e+262,3.846748e+262
9.120000e-02,-7.693496e+262,-7.693496e+262,-7.693496e+262
9.130000e-02,1.538699e+263,1.538699e+263,1.538699e+263
9.140000e-02,-3.077398e+263,-3.077398e+263,-3.077398e+263
9.150000e-02,6.154797e+263,6.154797e+263,6.154797e+263
9.160000e-02,-1.230959e+264,-1.230959e+264,-1.230959e+264
9.170000e-02,2.461919e+264,2.461919e+264,2.461919e+264
9.180000e-02,-4.923837e+264,-4.923837e+264,-4.923837e+264
9.190000e-02,9.847675e+264,9.847675e+264,9.847675e+264
9.200000e-02,-1.969535e+265,-1.969535e+265,-1.969535e+265
9.210000e-02,3.939070e+265,3.939070e+265,3.939070e+265
9.220000e-02,-7.878140e+265,-7.878140e+265,-7.878140e+265
9.230000e-02,1.575628e+266,1.575628e+266,1.575628e+266
9.240000e-02,-3.151256e+266,-3.151256e+266,-3.151256e+266
9.250000e-02,6.302512e+266,6.302512e+266,6.302512e+266
9.260000e-02,-1.260502e+267,-1.260502e+267,-1.260502e+267
9.270000e-02,2.521005e+267,2.521005e+267,2.521005e+267
9.280000e-02,-5.042010e+267,-5.042010e+267,-5.042010e+267
9.290000e-02,1.008402e+268,1.008402e+268,1.008402e+268
9.300000e-02,-2.016804e+268,-2.016804e+268,-2.016804e+268
9.310000e-02,4.033608e+268,4.033608e+268,4.033608e+268
9.320000e-02,-8.067215e+268,-8.067215e+268,-8.067215e+268
9.330000e-02,1.613443e+269,1.613443e+269,1.613443e+269
9.340000e-02,-3.226886e+269,-3.226886e+269,-3.226886e+269
9.350000e-02,6.453772e+269,6.453772e+269,6.453772e+269
9.360000e-02,-1.290754e+270,-1.290754e+270,-1.290754e+270
9.370000e-02,2.581509e+270,2.581509e+270,2.581509e+270
9.380000e-02,-5.163018e+270,-5.163018e+270,-5.163018e+270
9.390000e-02,1.032604e+271,1.032604e+271,1.032604e+271
9.400000e-02,-2.065207e+271,-2.065207e+271,-2.065207e+271
9.410000e-02,4.130414e+271,4.130414e+271,4.130414e+271
9.420000e-02,-8.260828e+271,-8.260828e+271,-8.260828e+271
9.430000e-02,1.652166e+272,1.652166e+272,1.652166e+272
9.440000e-02,-3.304331e+272,-3.304331e+272,-3.304331e+272
9.450000e-02,6.608663e+272,6.608663e+272,6.608663e+272
9.460000e-02,-1.321733e+273,-1.321733e+273,-1.321733e+273
9.470000e-02,2.643465e+273,2.643465e+273,2.643465e+273
9.480000e-02,-5.286930e+273,-5.286930e+273,-5.286930e+273
9.490000e-02,1.057386e+274,1.057386e+274,1.057386e+274
9.500000e-02,-2.114772e+274,-2.114772e+274,-2.114772e+274
9.510000e-02,4.229544e+274,4.229544e+274,4.229544e+274
9.520000e-02,-8.459088e+274,-8.459088e+274,-8.459088e+274
9.530000e-02,1.691818e+275,1.691818e+275,1.691818e+275
9.540000e-02,-3.383635e+275,-3.383635e+275,-3.383635e+275
9.550000e-02,6.767271e+275,6.767271e+275,6.767271e+275
9.560000e-02,-1.353454e+276,-1.353454e+276,-1.353454e+276
9.570000e-02,2.706908e+276,2.706908e+276,2.706908e+276
9.580000e-02,-5.413817e+276,-5.413817e+276,-5.413817e+276
9.590000e-02,1.082763e+277,1.082763e+277,1.082763e+277
9.600000e-02,-2.165527e+277,-2.165527e+277,-2.165527e+277
9.610000e-02,4.331053e+277,4.331053e+277,4.331053e+277
9.620000e-02,-8.662106e+277,-8.662106e+277,-8.662106e+277
9.630000e-02,1.732421e+278,1.732421e+278,1.732421e+278
9.640000e-02,-3.464843e+278,-3.464843e+278,-3.464843e+278
9.650000e-02,6.929685e+278,6.929685e+278,6.929685e+278
9.660000e-02,-1.385937e+279,-1.385937e+279,-1.385937e+279
9.670000e-02,2.771874e+279,2.771874e+279,2.771874e+279
9.680000e-02,-5.543748e+279,-5.543748e+279,-5.543748e+279
9.690000e-02,1.108750e+280,1.108750e+280,1.108750e+280
9.700000e-02,-2.217499e+280,-2.217499e+280,-2.217499e+280
9.710000e-02,4.434998e+280,4.434998e+280,4.434998e+280
9.720000e-02,-8.869997e+280,-8.869997e+280,-8.869997e+280
9.730000e-02,1.773999e+281,1.773999e+281,1.773999e+281
9.740000e-02,-3.547999e+281,-3.547999e+281,-3.547999e+281
9.750000e-02,7.095998e+281,7.095998e+281,7.095998e+281
9.760000e-02,-1.419200e+282,-1.419200e+282,-1.419200e+282
9.770000e-02,2.838399e+282,2.838399e+282,2.838399e+282
9.780000e-02,-5.676798e+282,-5.676798e+282,-5.676798e+282
9.790000e-02,1.135360e+283,1.135360e+283,1.135360e+283
9.800000e-02,-2.270719e+283,-2.270719e+283,-2.270719e+283
9.810000e-02,4.541438e+283,4.541438e+283,4.541438e+283
9.820000e-02,-9.082877e+283,-9.082877e+283,-9.082877e+283
9.830000e-02,1.816575e+284,1.816575e+284,1.816575e+284
9.840000e-02,-3.633151e+284,-3.633151e+284,-3.633151e+284
9.850000e-02,7.266302e+284,7.266302e+284,7.266302e+284
9.860000e-02,-1.453260e+285,-1.453260e+285,-1.453260e+285
9.870000e-02,2.906521e+285,2.906521e+285,2.906521e+285
9.880000e-02,-5.813041e+285,-5.813041e+285,-5.813041e+285
9.890000e-02,1.162608e+286,1.162608e+286,1.162608e+286
9.900000e-02,-2.325216e+286,-2.325216e+286,-2.325216e+286
9.910000e-02,4.650433e+286,4.650433e+286,4.650433e+286
9.920000e-02,-9.300866e+286,-9.300866e+286,-9.300866e+286
9.930000e-02,1.860173e+287,1.860173e+287,1.860173e+287
9.940000e-02,-3.720346e+287,-3.720346e+287,-3.720346e+287
9.950000e-02,7.440693e+287,7.440693e+287,7.440693e+287
9.960000e-02,-1.488139e+288,-1.488139e+288,-1.488139e+288
9.970000e-02,2.976277e+288,2.976277e+288,2.976277e+288
9.980000e-02,-5.952554e+288,-5.952554e+288,-5.952554e+288
9.990000e-02,1.190511e+289,1.190511e+289,1.190511e+289
