2.273737e-13,-2.593071e-01,-5.186335e-01,-7.779792e-01,-1.037344e+00,-1.296729e+00,-1.556132e+00,-1.815555e+00,-2.074997e+00,-2.334459e+00,-2.593940e+00,-2.853440e+00,-3.112959e+00,-3.372497e+00,-3.632055e+00,-3.891632e+00,-4.151228e+00,-4.410844e+00,-4.670478e+00,-4.930132e+00,-5.189805e+00,-5.449498e+00,-5.709209e+00,-5.968940e+00,-6.228690e+00,-6.488459e+00,-6.748247e+00,-7.008054e+00,-7.267881e+00,-7.527726e+00,-7.787591e+00,-8.047475e+00,-8.307378e+00,-8.567301e+00,-8.827242e+00,-9.087202e+00,-9.347182e+00,-9.607180e+00,-9.867198e+00,-1.012723e+01,-1.038729e+01,-1.064737e+01,-1.090746e+01,-1.116757e+01,-1.142771e+01,-1.168786e+01,-1.194803e+01,-1.220822e+01,-1.246842e+01,-1.272865e+01
6.919749e-01,4.327531e-01,1.735120e-01,-8.574854e-02,-3.450284e-01,-6.043275e-01,-8.636459e-01,-1.122984e+00,-1.382341e+00,-1.641717e+00,-1.901113e+00,-2.160528e+00,-2.419962e+00,-2.679415e+00,-2.938888e+00,-3.198380e+00,-3.457891e+00,-3.717421e+00,-3.976971e+00,-4.236540e+00,-4.496128e+00,-4.755736e+00,-5.015362e+00,-5.275008e+00,-5.534673e+00,-5.794357e+00,-6.054060e+00,-6.313783e+00,-6.573524e+00,-6.833285e+00,-7.093065e+00,-7.352864e+00,-7.612683e+00,-7.872520e+00,-8.132377e+00,-8.392252e+00,-8.652147e+00,-8.912061e+00,-9.171994e+00,-9.431946e+00,-9.691918e+00,-9.951908e+00,-1.021192e+01,-1.047195e+01,-1.073199e+01,-1.099206e+01,-1.125215e+01,-1.151225e+01,-1.177237e+01,-1.203252e+01
1.383969e+00,1.124833e+00,8.656767e-01,6.065015e-01,3.473069e-01,8.809304e-02,-1.711402e-01,-4.303927e-01,-6.896646e-01,-9.489557e-01,-1.208266e+00,-1.467596e+00,-1.726945e+00,-1.986313e+00,-2.245701e+00,-2.505108e+00,-2.764534e+00,-3.023979e+00,-3.283444e+00,-3.542928e+00,-3.802431e+00,-4.061953e+00,-4.321495e+00,-4.581056e+00,-4.840636e+00,-5.100235e+00,-5.359853e+00,-5.619491e+00,-5.879148e+00,-6.138824e+00,-6.398519e+00,-6.658233e+00,-6.917967e+00,-7.177719e+00,-7.437491e+00,-7.697282e+00,-7.957092e+00,-8.216921e+00,-8.476770e+00,-8.736637e+00,-8.996524e+00,-9.256429e+00,-9.516354e+00,-9.776298e+00,-1.003626e+01,-1.029624e+01,-1.055624e+01,-1.081626e+01,-1.107630e+01,-1.133636e+01
2.075982e+00,1.816931e+00,1.557861e+00,1.298771e+00,1.039661e+00,7.805329e-01,5.213849e-01,2.622176e-01,3.031028e-03,-2.561749e-01,-5.154002e-01,-7.746447e-01,-1.033909e+00,-1.293192e+00,-1.552494e+00,-1.811816e+00,-2.071157e+00,-2.330517e+00,-2.589897e+00,-2.849296e+00,-3.108714e+00,-3.368151e+00,-3.627608e+00,-3.887083e+00,-4.146578e+00,-4.406093e+00,-4.665626e+00,-4.925179e+00,-5.184751e+00,-5.444342e+00,-5.703952e+00,-5.963582e+00,-6.223230e+00,-6.482898e+00,-6.742585e+00,-7.002291e+00,-7.262016e+00,-7.521761e+00,-7.781524e+00,-8.041307e+00,-8.301109e+00,-8.560930e+00,-8.820770e+00,-9.080629e+00,-9.340507e+00,-9.600405e+00,-9.860321e+00,-1.012026e+01,-1.038021e+01,-1.064019e+01
2.768015e+00,2.509049e+00,2.250064e+00,1.991059e+00,1.732035e+00,1.472992e+00,1.213929e+00,9.548473e-01,6.957459e-01,4.366253e-01,1.774853e-01,-8.167408e-02,-3.408527e-01,-6.000507e-01,-8.592680e-01,-1.118505e+00,-1.377760e+00,-1.637036e+00,-1.896330e+00,-2.155644e+00,-2.414977e+00,-2.674329e+00,-2.933700e+00,-3.193091e+00,-3.452501e+00,-3.711931e+00,-3.971379e+00,-4.230847e+00,-4.490334e+00,-4.749840e+00,-5.009365e+00,-5.268910e+00,-5.528473e+00,-5.788056e+00,-6.047658e+00,-6.307280e+00,-6.566920e+00,-6.826580e+00,-7.086259e+00,-7.345956e+00,-7.605674e+00,-7.865410e+00,-8.125165e+00,-8.384940e+00,-8.644733e+00,-8.904546e+00,-9.164378e+00,-9.424228e+00,-9.684098e+00,-9.943988e+00
3.460066e+00,3.201185e+00,2.942286e+00,2.683366e+00,2.424428e+00,2.165470e+00,1.906493e+00,1.647496e+00,1.388480e+00,1.129445e+00,8.703900e-01,6.113159e-01,3.522225e-01,9.310978e-02,-1.660223e-01,-4.251736e-01,-6.843443e-01,-9.435343e-01,-1.202744e+00,-1.461972e+00,-1.721220e+00,-1.980487e+00,-2.239774e+00,-2.499079e+00,-2.758404e+00,-3.017748e+00,-3.277112e+00,-3.536495e+00,-3.795896e+00,-4.055318e+00,-4.314758e+00,-4.574218e+00,-4.833696e+00,-5.093194e+00,-5.352712e+00,-5.612248e+00,-5.871804e+00,-6.131378e+00,-6.390972e+00,-6.650585e+00,-6.910218e+00,-7.169869e+00,-7.429540e+00,-7.689229e+00,-7.948938e+00,-8.208666e+00,-8.468413e+00,-8.728179e+00,-8.987965e+00,-9.247769e+00
4.152136e+00,3.893341e+00,3.634526e+00,3.375693e+00,3.116840e+00,2.857967e+00,2.599075e+00,2.340164e+00,2.081233e+00,1.822283e+00,1.563314e+00,1.304325e+00,1.045317e+00,7.862896e-01,5.272428e-01,2.681766e-01,9.091199e-03,-2.500136e-01,-5.091377e-01,-7.682810e-01,-1.027444e+00,-1.286626e+00,-1.545827e+00,-1.805048e+00,-2.064287e+00,-2.323546e+00,-2.582825e+00,-2.842122e+00,-3.101439e+00,-3.360775e+00,-3.620131e+00,-3.879505e+00,-4.138899e+00,-4.398312e+00,-4.657745e+00,-4.917196e+00,-5.176667e+00,-5.436157e+00,-5.695666e+00,-5.955194e+00,-6.214741e+00,-6.474308e+00,-6.733894e+00,-6.993498e+00,-7.253122e+00,-7.512766e+00,-7.772428e+00,-8.032109e+00,-8.291810e+00,-8.551530e+00
4.844224e+00,4.585515e+00,4.326786e+00,4.068038e+00,3.809270e+00,3.550483e+00,3.291677e+00,3.032851e+00,2.774006e+00,2.515141e+00,2.256257e+00,1.997353e+00,1.738431e+00,1.479489e+00,1.220527e+00,9.615462e-01,7.025460e-01,4.435265e-01,1.844877e-01,-7.457047e-02,-3.336480e-01,-5.927447e-01,-8.518608e-01,-1.110996e+00,-1.370151e+00,-1.629325e+00,-1.888518e+00,-2.147731e+00,-2.406962e+00,-2.666214e+00,-2.925484e+00,-3.184773e+00,-3.444082e+00,-3.703410e+00,-3.962757e+00,-4.222124e+00,-4.481510e+00,-4.740915e+00,-5.000339e+00,-5.259782e+00,-5.519245e+00,-5.778726e+00,-6.038227e+00,-6.297747e+00,-6.557286e+00,-6.816845e+00,-7.076422e+00,-7.336019e+00,-7.595635e+00,-7.855270e+00
5.536331e+00,5.277708e+00,5.019064e+00,4.760402e+00,4.501719e+00,4.243018e+00,3.984297e+00,3.725556e+00,3.466797e+00,3.208017e+00,2.949219e+00,2.690401e+00,2.431563e+00,2.172707e+00,1.913830e+00,1.654935e+00,1.396020e+00,1.137086e+00,8.781323e-01,6.191594e-01,3.601672e-01,1.011556e-01,-1.578752e-01,-4.169254e-01,-6.759949e-01,-9.350837e-01,-1.194192e+00,-1.453319e+00,-1.712466e+00,-1.971632e+00,-2.230817e+00,-2.490022e+00,-2.749245e+00,-3.008488e+00,-3.267750e+00,-3.527032e+00,-3.786333e+00,-4.045653e+00,-4.304992e+00,-4.564350e+00,-4.823728e+00,-5.083124e+00,-5.342540e+00,-5.601976e+00,-5.861430e+00,-6.120903e+00,-6.380396e+00,-6.639908e+00,-6.899439e+00,-7.158989e+00
6.228457e+00,5.969919e+00,5.711361e+00,5.452784e+00,5.194187e+00,4.935571e+00,4.676936e+00,4.418281e+00,4.159606e+00,3.900913e+00,3.642200e+00,3.383467e+00,3.124715e+00,2.865944e+00,2.607153e+00,2.348343e+00,2.089513e+00,1.830664e+00,1.571796e+00,1.312909e+00,1.054002e+00,7.950753e-01,5.361297e-01,2.771648e-01,1.818050e-02,-2.408231e-01,-4.998460e-01,-7.588882e-01,-1.017950e+00,-1.277030e+00,-1.536131e+00,-1.795250e+00,-2.054389e+00,-2.313546e+00,-2.572724e+00,-2.831920e+00,-3.091136e+00,-3.350371e+00,-3.609625e+00,-3.868898e+00,-4.128191e+00,-4.387503e+00,-4.646834e+00,-4.906184e+00,-5.165553e+00,-5.424942e+00,-5.684350e+00,-5.943777e+00,-6.203223e+00,-6.462688e+00
6.920601e+00,6.662148e+00,6.403676e+00,6.145185e+00,5.886674e+00,5.628143e+00,5.369593e+00,5.111024e+00,4.852435e+00,4.593827e+00,4.335199e+00,4.076552e+00,3.817885e+00,3.559200e+00,3.300494e+00,3.041769e+00,2.783025e+00,2.524262e+00,2.265479e+00,2.006677e+00,1.747855e+00,1.489014e+00,1.230154e+00,9.712742e-01,7.123752e-01,4.534569e-01,1.945192e-01,-6.443774e-02,-3.234140e-01,-5.824096e-01,-8.414245e-01,-1.100459e+00,-1.359512e+00,-1.618585e+00,-1.877677e+00,-2.136788e+00,-2.395919e+00,-2.655069e+00,-2.914238e+00,-3.173426e+00,-3.432634e+00,-3.691861e+00,-3.951107e+00,-4.210372e+00,-4.469656e+00,-4.728960e+00,-4.988283e+00,-5.247625e+00,-5.506986e+00,-5.766367e+00
7.612763e+00,7.354396e+00,7.096010e+00,6.837604e+00,6.579178e+00,6.320733e+00,6.062269e+00,5.803785e+00,5.545282e+00,5.286759e+00,5.028217e+00,4.769656e+00,4.511075e+00,4.252474e+00,3.993854e+00,3.735215e+00,3.476556e+00,3.217878e+00,2.959181e+00,2.700464e+00,2.441728e+00,2.182972e+00,1.924197e+00,1.665403e+00,1.406589e+00,1.147756e+00,8.889038e-01,6.300320e-01,3.711410e-01,1.122306e-01,-1.466991e-01,-4.056481e-01,-6.646164e-01,-9.236040e-01,-1.182611e+00,-1.441637e+00,-1.700683e+00,-1.959747e+00,-2.218831e+00,-2.477935e+00,-2.737057e+00,-2.996199e+00,-3.255360e+00,-3.514540e+00,-3.773740e+00,-4.032958e+00,-4.292196e+00,-4.551453e+00,-4.810730e+00,-5.070025e+00
8.304943e+00,8.046662e+00,7.788361e+00,7.530041e+00,7.271701e+00,7.013342e+00,6.754963e+00,6.496565e+00,6.238148e+00,5.979710e+00,5.721254e+00,5.462778e+00,5.204282e+00,4.945767e+00,4.687233e+00,4.428679e+00,4.170106e+00,3.911514e+00,3.652902e+00,3.394270e+00,3.135619e+00,2.876949e+00,2.618260e+00,2.359551e+00,2.100822e+00,1.842075e+00,1.583307e+00,1.324521e+00,1.065715e+00,8.068902e-01,5.480457e-01,2.891820e-01,3.029890e-02,-2.286035e-01,-4.875252e-01,-7.464662e-01,-1.005427e+00,-1.264406e+00,-1.523405e+00,-1.782423e+00,-2.041461e+00,-2.300517e+00,-2.559593e+00,-2.818688e+00,-3.077803e+00,-3.336937e+00,-3.596089e+00,-3.855262e+00,-4.114453e+00,-4.373664e+00
8.997141e+00,8.738946e+00,8.480731e+00,8.222496e+00,7.964242e+00,7.705969e+00,7.447676e+00,7.189363e+00,6.931031e+00,6.672680e+00,6.414309e+00,6.155919e+00,5.897509e+00,5.639079e+00,5.380631e+00,5.122162e+00,4.863675e+00,4.605167e+00,4.346641e+00,4.088095e+00,3.829530e+00,3.570945e+00,3.312341e+00,3.053717e+00,2.795074e+00,2.536412e+00,2.277730e+00,2.019029e+00,1.760309e+00,1.501569e+00,1.242810e+00,9.840313e-01,7.252335e-01,4.664164e-01,2.075799e-01,-5.127591e-02,-3.101510e-01,-5.690454e-01,-8.279591e-01,-1.086892e+00,-1.345844e+00,-1.604816e+00,-1.863807e+00,-2.122817e+00,-2.381846e+00,-2.640895e+00,-2.899963e+00,-3.159050e+00,-3.418156e+00,-3.677282e+00
9.689357e+00,9.431248e+00,9.173119e+00,8.914970e+00,8.656802e+00,8.398614e+00,8.140407e+00,7.882180e+00,7.623933e+00,7.365668e+00,7.107382e+00,6.849078e+00,6.590753e+00,6.332410e+00,6.074046e+00,5.815664e+00,5.557262e+00,5.298840e+00,5.040399e+00,4.781939e+00,4.523459e+00,4.264959e+00,4.006441e+00,3.747903e+00,3.489345e+00,3.230768e+00,2.972172e+00,2.713556e+00,2.454921e+00,2.196267e+00,1.937593e+00,1.678900e+00,1.420187e+00,1.161455e+00,9.027042e-01,6.439337e-01,3.851439e-01,1.263347e-01,-1.324938e-01,-3.913416e-01,-6.502087e-01,-9.090951e-01,-1.168001e+00,-1.426926e+00,-1.685870e+00,-1.944834e+00,-2.203816e+00,-2.462818e+00,-2.721840e+00,-2.980880e+00
1.038159e+01,1.012357e+01,9.865524e+00,9.607461e+00,9.349379e+00,9.091277e+00,8.833155e+00,8.575014e+00,8.316854e+00,8.058673e+00,7.800474e+00,7.542255e+00,7.284016e+00,7.025758e+00,6.767481e+00,6.509183e+00,6.250867e+00,5.992531e+00,5.734176e+00,5.475801e+00,5.217406e+00,4.958993e+00,4.700559e+00,4.442107e+00,4.183635e+00,3.925143e+00,3.666632e+00,3.408102e+00,3.149553e+00,2.890984e+00,2.632395e+00,2.373787e+00,2.115160e+00,1.856514e+00,1.597848e+00,1.339163e+00,1.080458e+00,8.217341e-01,5.629908e-01,3.042283e-01,4.544638e-02,-2.133548e-01,-4.721753e-01,-7.310151e-01,-9.898742e-01,-1.248753e+00,-1.507650e+00,-1.766567e+00,-2.025503e+00,-2.284459e+00
1.107384e+01,1.081590e+01,1.055795e+01,1.029997e+01,1.004197e+01,9.783958e+00,9.525922e+00,9.267867e+00,9.009792e+00,8.751697e+00,8.493584e+00,8.235450e+00,7.977297e+00,7.719125e+00,7.460933e+00,7.202722e+00,6.944491e+00,6.686240e+00,6.427971e+00,6.169681e+00,5.911373e+00,5.653044e+00,5.394697e+00,5.136330e+00,4.877943e+00,4.619537e+00,4.361112e+00,4.102667e+00,3.844203e+00,3.585719e+00,3.327216e+00,3.068694e+00,2.810152e+00,2.551591e+00,2.293010e+00,2.034410e+00,1.775791e+00,1.517153e+00,1.258495e+00,9.998174e-01,7.411208e-01,4.824048e-01,2.236696e-01,-3.508501e-02,-2.938589e-01,-5.526521e-01,-8.114646e-01,-1.070296e+00,-1.329147e+00,-1.588018e+00
1.176611e+01,1.150826e+01,1.125039e+01,1.099250e+01,1.073459e+01,1.047666e+01,1.021871e+01,9.960737e+00,9.702748e+00,9.444739e+00,9.186711e+00,8.928663e+00,8.670596e+00,8.412510e+00,8.154403e+00,7.896278e+00,7.638133e+00,7.379968e+00,7.121784e+00,6.863580e+00,6.605357e+00,6.347114e+00,6.088852e+00,5.830571e+00,5.572270e+00,5.313949e+00,5.055610e+00,4.797250e+00,4.538872e+00,4.280474e+00,4.022056e+00,3.763619e+00,3.505163e+00,3.246687e+00,2.988192e+00,2.729677e+00,2.471144e+00,2.212590e+00,1.954018e+00,1.695426e+00,1.436814e+00,1.178184e+00,9.195337e-01,6.608644e-01,4.021757e-01,1.434678e-01,-1.152595e-01,-3.740061e-01,-6.327720e-01,-8.915572e-01
1.245840e+01,1.220063e+01,1.194285e+01,1.168504e+01,1.142722e+01,1.116937e+01,1.091151e+01,1.065362e+01,1.039572e+01,1.013780e+01,9.879857e+00,9.621895e+00,9.363913e+00,9.105912e+00,8.847892e+00,8.589852e+00,8.331793e+00,8.073714e+00,7.815615e+00,7.557497e+00,7.299360e+00,7.041203e+00,6.783026e+00,6.524831e+00,6.266615e+00,6.008380e+00,5.750126e+00,5.491852e+00,5.233559e+00,4.975247e+00,4.716915e+00,4.458563e+00,4.200192e+00,3.941802e+00,3.683392e+00,3.424963e+00,3.166515e+00,2.908047e+00,2.649560e+00,2.391053e+00,2.132527e+00,1.873982e+00,1.615417e+00,1.356833e+00,1.098230e+00,8.396069e-01,5.809649e-01,3.223036e-01,6.362289e-02,-1.950771e-01
1.315070e+01,1.289302e+01,1.263532e+01,1.237760e+01,1.211986e+01,1.186211e+01,1.160433e+01,1.134653e+01,1.108871e+01,1.083088e+01,1.057302e+01,1.031514e+01,1.005725e+01,9.799333e+00,9.541399e+00,9.283444e+00,9.025471e+00,8.767477e+00,8.509465e+00,8.251432e+00,7.993381e+00,7.735309e+00,7.477219e+00,7.219108e+00,6.960979e+00,6.702830e+00,6.444661e+00,6.186473e+00,5.928265e+00,5.670038e+00,5.411792e+00,5.153526e+00,4.895240e+00,4.636936e+00,4.378611e+00,4.120268e+00,3.861905e+00,3.603522e+00,3.345120e+00,3.086699e+00,2.828259e+00,2.569799e+00,2.311319e+00,2.052821e+00,1.794303e+00,1.535765e+00,1.277209e+00,1.018632e+00,7.600371e-01,5.014223e-01
1.384302e+01,1.358543e+01,1.332782e+01,1.307018e+01,1.281253e+01,1.255486e+01,1.229717e+01,1.203945e+01,1.178172e+01,1.152397e+01,1.126620e+01,1.100841e+01,1.075060e+01,1.049277e+01,1.023492e+01,9.977054e+00,9.719167e+00,9.461259e+00,9.203332e+00,8.945386e+00,8.687420e+00,8.429434e+00,8.171429e+00,7.913405e+00,7.655360e+00,7.397297e+00,7.139214e+00,6.881111e+00,6.622989e+00,6.364848e+00,6.106687e+00,5.848507e+00,5.590307e+00,5.332088e+00,5.073849e+00,4.815591e+00,4.557313e+00,4.299016e+00,4.040700e+00,3.782364e+00,3.524009e+00,3.265635e+00,3.007241e+00,2.748827e+00,2.490395e+00,2.231943e+00,1.973471e+00,1.714981e+00,1.456470e+00,1.197941e+00
1.453536e+01,1.427785e+01,1.402033e+01,1.376278e+01,1.350521e+01,1.324763e+01,1.299002e+01,1.273239e+01,1.247475e+01,1.221708e+01,1.195940e+01,1.170169e+01,1.144397e+01,1.118623e+01,1.092846e+01,1.067068e+01,1.041288e+01,1.015506e+01,9.897217e+00,9.639357e+00,9.381477e+00,9.123577e+00,8.865657e+00,8.607719e+00,8.349760e+00,8.091783e+00,7.833785e+00,7.575768e+00,7.317732e+00,7.059676e+00,6.801601e+00,6.543506e+00,6.285392e+00,6.027258e+00,5.769105e+00,5.510933e+00,5.252741e+00,4.994529e+00,4.736298e+00,4.478048e+00,4.219778e+00,3.961489e+00,3.703181e+00,3.444853e+00,3.186506e+00,2.928139e+00,2.669753e+00,2.411348e+00,2.152923e+00,1.894479e+00
1.522772e+01,1.497030e+01,1.471285e+01,1.445539e+01,1.419791e+01,1.394041e+01,1.368289e+01,1.342535e+01,1.316779e+01,1.291021e+01,1.265261e+01,1.239500e+01,1.213736e+01,1.187970e+01,1.162202e+01,1.136433e+01,1.110661e+01,1.084888e+01,1.059112e+01,1.033335e+01,1.007555e+01,9.817737e+00,9.559904e+00,9.302051e+00,9.044178e+00,8.786286e+00,8.528375e+00,8.270443e+00,8.012493e+00,7.754523e+00,7.496533e+00,7.238524e+00,6.980495e+00,6.722447e+00,6.464380e+00,6.206293e+00,5.948186e+00,5.690061e+00,5.431915e+00,5.173751e+00,4.915566e+00,4.657363e+00,4.399140e+00,4.140897e+00,3.882635e+00,3.624354e+00,3.366054e+00,3.107734e+00,2.849394e+00,2.591035e+00
1.592009e+01,1.566275e+01,1.540540e+01,1.514802e+01,1.489063e+01,1.463321e+01,1.437578e+01,1.411833e+01,1.386085e+01,1.360336e+01,1.334585e+01,1.308832e+01,1.283076e+01,1.257319e+01,1.231560e+01,1.205799e+01,1.180036e+01,1.154271e+01,1.128504e+01,1.102735e+01,1.076964e+01,1.051192e+01,1.025417e+01,9.996401e+00,9.738614e+00,9.480808e+00,9.222982e+00,8.965136e+00,8.707272e+00,8.449387e+00,8.191483e+00,7.933560e+00,7.675617e+00,7.417655e+00,7.159673e+00,6.901671e+00,6.643651e+00,6.385610e+00,6.127551e+00,5.869471e+00,5.611373e+00,5.353255e+00,5.095117e+00,4.836960e+00,4.578784e+00,4.320588e+00,4.062373e+00,3.804138e+00,3.545884e+00,3.287611e+00
1.661248e+01,1.635523e+01,1.609796e+01,1.584067e+01,1.558336e+01,1.532603e+01,1.506869e+01,1.481132e+01,1.455393e+01,1.429652e+01,1.403910e+01,1.378165e+01,1.352419e+01,1.326670e+01,1.300920e+01,1.275167e+01,1.249413e+01,1.223656e+01,1.197898e+01,1.172138e+01,1.146375e+01,1.120611e+01,1.094845e+01,1.069077e+01,1.043307e+01,1.017535e+01,9.917607e+00,9.659847e+00,9.402068e+00,9.144270e+00,8.886451e+00,8.628614e+00,8.370757e+00,8.112880e+00,7.854984e+00,7.597068e+00,7.339133e+00,7.081178e+00,6.823204e+00,6.565211e+00,6.307198e+00,6.049165e+00,5.791113e+00,5.533042e+00,5.274951e+00,5.016841e+00,4.758711e+00,4.500562e+00,4.242393e+00,3.984206e+00
1.730488e+01,1.704772e+01,1.679054e+01,1.653333e+01,1.627611e+01,1.601887e+01,1.576161e+01,1.550433e+01,1.524703e+01,1.498971e+01,1.473237e+01,1.447501e+01,1.421763e+01,1.396023e+01,1.370281e+01,1.344537e+01,1.318791e+01,1.293043e+01,1.267293e+01,1.241542e+01,1.215788e+01,1.190032e+01,1.164275e+01,1.138515e+01,1.112754e+01,1.086990e+01,1.061225e+01,1.035458e+01,1.009688e+01,9.839170e+00,9.581438e+00,9.323686e+00,9.065914e+00,8.808123e+00,8.550313e+00,8.292483e+00,8.034633e+00,7.776764e+00,7.518876e+00,7.260968e+00,7.003041e+00,6.745094e+00,6.487127e+00,6.229142e+00,5.971136e+00,5.713112e+00,5.455068e+00,5.197004e+00,4.938921e+00,4.680819e+00
1.799731e+01,1.774023e+01,1.748313e+01,1.722602e+01,1.696888e+01,1.671172e+01,1.645455e+01,1.619735e+01,1.594014e+01,1.568290e+01,1.542565e+01,1.516838e+01,1.491108e+01,1.465377e+01,1.439644e+01,1.413908e+01,1.388171e+01,1.362432e+01,1.336691e+01,1.310948e+01,1.285203e+01,1.259456e+01,1.233707e+01,1.207956e+01,1.182203e+01,1.156448e+01,1.130691e+01,1.104932e+01,1.079171e+01,1.053409e+01,1.027644e+01,1.001878e+01,9.761090e+00,9.503385e+00,9.245660e+00,8.987916e+00,8.730152e+00,8.472369e+00,8.214566e+00,7.956744e+00,7.698902e+00,7.441041e+00,7.183160e+00,6.925260e+00,6.667340e+00,6.409401e+00,6.151443e+00,5.893465e+00,5.635467e+00,5.377450e+00
1.868974e+01,1.843275e+01,1.817574e+01,1.791871e+01,1.766166e+01,1.740459e+01,1.714750e+01,1.689040e+01,1.663327e+01,1.637612e+01,1.611895e+01,1.586176e+01,1.560456e+01,1.534733e+01,1.509008e+01,1.483282e+01,1.457553e+01,1.431822e+01,1.406090e+01,1.380355e+01,1.354619e+01,1.328880e+01,1.303140e+01,1.277398e+01,1.251653e+01,1.225907e+01,1.200159e+01,1.174409e+01,1.148656e+01,1.122902e+01,1.097146e+01,1.071388e+01,1.045628e+01,1.019866e+01,9.941025e+00,9.683366e+00,9.425688e+00,9.167991e+00,8.910274e+00,8.652537e+00,8.394781e+00,8.137006e+00,7.879211e+00,7.621396e+00,7.363562e+00,7.105709e+00,6.847836e+00,6.589944e+00,6.332032e+00,6.074100e+00
1.938220e+01,1.912529e+01,1.886837e+01,1.861143e+01,1.835446e+01,1.809748e+01,1.784048e+01,1.758345e+01,1.732641e+01,1.706935e+01,1.681227e+01,1.655517e+01,1.629805e+01,1.604090e+01,1.578374e+01,1.552656e+01,1.526936e+01,1.501214e+01,1.475491e+01,1.449765e+01,1.424037e+01,1.398307e+01,1.372575e+01,1.346841e+01,1.321106e+01,1.295368e+01,1.269628e+01,1.243887e+01,1.218143e+01,1.192398e+01,1.166650e+01,1.140901e+01,1.115149e+01,1.089396e+01,1.063641e+01,1.037883e+01,1.012124e+01,9.863631e+00,9.606000e+00,9.348349e+00,9.090679e+00,8.832989e+00,8.575280e+00,8.317551e+00,8.059803e+00,7.802035e+00,7.544248e+00,7.286441e+00,7.028615e+00,6.770769e+00
2.007467e+01,1.981785e+01,1.956101e+01,1.930416e+01,1.904728e+01,1.879038e+01,1.853347e+01,1.827653e+01,1.801957e+01,1.776260e+01,1.750560e+01,1.724859e+01,1.699155e+01,1.673450e+01,1.647742e+01,1.622033e+01,1.596322e+01,1.570608e+01,1.544893e+01,1.519176e+01,1.493456e+01,1.467735e+01,1.442012e+01,1.416287e+01,1.390560e+01,1.364831e+01,1.339100e+01,1.313367e+01,1.287632e+01,1.261895e+01,1.236156e+01,1.210415e+01,1.184672e+01,1.158927e+01,1.133181e+01,1.107432e+01,1.081681e+01,1.055929e+01,1.030174e+01,1.004418e+01,9.786594e+00,9.528990e+00,9.271366e+00,9.013723e+00,8.756061e+00,8.498379e+00,8.240677e+00,7.982956e+00,7.725216e+00,7.467456e+00
2.076716e+01,2.051043e+01,2.025368e+01,1.999690e+01,1.974011e+01,1.948330e+01,1.922647e+01,1.896962e+01,1.871275e+01,1.845586e+01,1.819895e+01,1.794203e+01,1.768508e+01,1.742811e+01,1.717112e+01,1.691411e+01,1.665708e+01,1.640004e+01,1.614297e+01,1.588588e+01,1.562878e+01,1.537165e+01,1.511451e+01,1.485734e+01,1.460016e+01,1.434295e+01,1.408573e+01,1.382848e+01,1.357122e+01,1.331394e+01,1.305663e+01,1.279931e+01,1.254197e+01,1.228461e+01,1.202723e+01,1.176982e+01,1.151240e+01,1.125496e+01,1.099750e+01,1.074003e+01,1.048253e+01,1.022501e+01,9.967471e+00,9.709914e+00,9.452337e+00,9.194741e+00,8.937125e+00,8.679490e+00,8.421835e+00,8.164160e+00
2.145966e+01,2.120302e+01,2.094635e+01,2.068967e+01,2.043296e+01,2.017624e+01,1.991949e+01,1.966273e+01,1.940595e+01,1.914914e+01,1.889232e+01,1.863548e+01,1.837862e+01,1.812173e+01,1.786483e+01,1.760791e+01,1.735097e+01,1.709401e+01,1.683703e+01,1.658003e+01,1.632301e+01,1.606597e+01,1.580891e+01,1.555183e+01,1.529473e+01,1.503761e+01,1.478047e+01,1.452332e+01,1.426614e+01,1.400894e+01,1.375172e+01,1.349449e+01,1.323723e+01,1.297996e+01,1.272266e+01,1.246535e+01,1.220801e+01,1.195066e+01,1.169328e+01,1.143589e+01,1.117848e+01,1.092105e+01,1.066359e+01,1.040612e+01,1.014863e+01,9.891120e+00,9.633590e+00,9.376041e+00,9.118472e+00,8.860883e+00
2.215218e+01,2.189562e+01,2.163904e+01,2.138245e+01,2.112583e+01,2.086919e+01,2.061253e+01,2.035586e+01,2.009916e+01,1.984244e+01,1.958571e+01,1.932895e+01,1.907217e+01,1.881538e+01,1.855856e+01,1.830173e+01,1.804487e+01,1.778800e+01,1.753110e+01,1.727419e+01,1.701725e+01,1.676030e+01,1.650333e+01,1.624633e+01,1.598932e+01,1.573229e+01,1.547524e+01,1.521817e+01,1.496107e+01,1.470396e+01,1.444683e+01,1.418968e+01,1.393251e+01,1.367532e+01,1.341811e+01,1.316088e+01,1.290364e+01,1.264637e+01,1.238908e+01,1.213177e+01,1.187445e+01,1.161710e+01,1.135973e+01,1.110235e+01,1.084494e+01,1.058752e+01,1.033007e+01,1.007261e+01,9.815127e+00,9.557624e+00
2.284471e+01,2.258824e+01,2.233175e+01,2.207524e+01,2.181871e+01,2.156216e+01,2.130559e+01,2.104900e+01,2.079239e+01,2.053576e+01,2.027911e+01,2.002244e+01,1.976575e+01,1.950904e+01,1.925231e+01,1.899556e+01,1.873879e+01,1.848200e+01,1.822519e+01,1.796836e+01,1.771152e+01,1.745465e+01,1.719776e+01,1.694086e+01,1.668393e+01,1.642698e+01,1.617002e+01,1.591303e+01,1.565603e+01,1.539900e+01,1.514196e+01,1.488489e+01,1.462781e+01,1.437071e+01,1.411358e+01,1.385644e+01,1.359928e+01,1.334210e+01,1.308489e+01,1.282767e+01,1.257043e+01,1.231317e+01,1.205589e+01,1.179859e+01,1.154127e+01,1.128393e+01,1.102657e+01,1.076920e+01,1.051180e+01,1.025438e+01
2.353727e+01,2.328088e+01,2.302448e+01,2.276805e+01,2.251161e+01,2.225514e+01,2.199866e+01,2.174215e+01,2.148563e+01,2.122908e+01,2.097252e+01,2.071594e+01,2.045933e+01,2.020271e+01,1.994607e+01,1.968941e+01,1.943272e+01,1.917602e+01,1.891930e+01,1.866256e+01,1.840580e+01,1.814902e+01,1.789222e+01,1.763539e+01,1.737855e+01,1.712169e+01,1.686481e+01,1.660792e+01,1.635100e+01,1.609406e+01,1.583710e+01,1.558012e+01,1.532312e+01,1.506611e+01,1.480907e+01,1.455201e+01,1.429494e+01,1.403784e+01,1.378072e+01,1.352359e+01,1.326643e+01,1.300926e+01,1.275207e+01,1.249485e+01,1.223762e+01,1.198037e+01,1.172309e+01,1.146580e+01,1.120849e+01,1.095116e+01
2.422983e+01,2.397353e+01,2.371721e+01,2.346088e+01,2.320452e+01,2.294814e+01,2.269174e+01,2.243533e+01,2.217889e+01,2.192243e+01,2.166595e+01,2.140946e+01,2.115294e+01,2.089640e+01,2.063985e+01,2.038327e+01,2.012667e+01,1.987006e+01,1.961342e+01,1.935677e+01,1.910009e+01,1.884340e+01,1.858668e+01,1.832995e+01,1.807320e+01,1.781642e+01,1.755963e+01,1.730282e+01,1.704598e+01,1.678913e+01,1.653226e+01,1.627537e+01,1.601845e+01,1.576152e+01,1.550457e+01,1.524760e+01,1.499061e+01,1.473360e+01,1.447657e+01,1.421952e+01,1.396245e+01,1.370537e+01,1.344826e+01,1.319113e+01,1.293398e+01,1.267682e+01,1.241963e+01,1.216242e+01,1.190520e+01,1.164795e+01
2.492241e+01,2.466620e+01,2.440997e+01,2.415372e+01,2.389745e+01,2.364116e+01,2.338484e+01,2.312851e+01,2.287216e+01,2.261579e+01,2.235940e+01,2.210299e+01,2.184656e+01,2.159011e+01,2.133364e+01,2.107715e+01,2.082064e+01,2.056411e+01,2.030756e+01,2.005099e+01,1.979441e+01,1.953780e+01,1.928117e+01,1.902452e+01,1.876785e+01,1.851117e+01,1.825446e+01,1.799773e+01,1.774099e+01,1.748422e+01,1.722743e+01,1.697063e+01,1.671380e+01,1.645696e+01,1.620009e+01,1.594321e+01,1.568630e+01,1.542938e+01,1.517244e+01,1.491547e+01,1.465849e+01,1.440149e+01,1.414447e+01,1.388743e+01,1.363036e+01,1.337328e+01,1.311618e+01,1.285906e+01,1.260192e+01,1.234476e+01
2.561501e+01,2.535889e+01,2.510274e+01,2.484658e+01,2.459039e+01,2.433419e+01,2.407796e+01,2.382172e+01,2.356545e+01,2.330917e+01,2.305286e+01,2.279654e+01,2.254020e+01,2.228383e+01,2.202745e+01,2.177105e+01,2.151462e+01,2.125818e+01,2.100172e+01,2.074524e+01,2.048873e+01,2.023221e+01,1.997567e+01,1.971911e+01,1.946253e+01,1.920593e+01,1.894931e+01,1.869267e+01,1.843601e+01,1.817933e+01,1.792263e+01,1.766591e+01,1.740917e+01,1.715241e+01,1.689563e+01,1.663883e+01,1.638201e+01,1.612518e+01,1.586832e+01,1.561144e+01,1.535455e+01,1.509763e+01,1.484069e+01,1.458374e+01,1.432676e+01,1.406977e+01,1.381275e+01,1.355572e+01,1.329866e+01,1.304159e+01
2.630762e+01,2.605158e+01,2.579553e+01,2.553945e+01,2.528335e+01,2.502723e+01,2.477109e+01,2.451494e+01,2.425876e+01,2.400256e+01,2.374634e+01,2.349011e+01,2.323385e+01,2.297757e+01,2.272128e+01,2.246496e+01,2.220862e+01,2.195227e+01,2.169589e+01,2.143949e+01,2.118308e+01,2.092664e+01,2.067019e+01,2.041371e+01,2.015722e+01,1.990070e+01,1.964417e+01,1.938762e+01,1.913104e+01,1.887445e+01,1.861783e+01,1.836120e+01,1.810455e+01,1.784788e+01,1.759118e+01,1.733447e+01,1.707774e+01,1.682099e+01,1.656422e+01,1.630743e+01,1.605062e+01,1.579379e+01,1.553694e+01,1.528007e+01,1.502318e+01,1.476627e+01,1.450934e+01,1.425239e+01,1.399542e+01,1.373844e+01
2.700025e+01,2.674430e+01,2.648833e+01,2.623234e+01,2.597632e+01,2.572029e+01,2.546424e+01,2.520817e+01,2.495208e+01,2.469597e+01,2.443984e+01,2.418369e+01,2.392752e+01,2.367133e+01,2.341512e+01,2.315889e+01,2.290264e+01,2.264637e+01,2.239008e+01,2.213377e+01,2.187744e+01,2.162109e+01,2.136472e+01,2.110833e+01,2.085193e+01,2.059550e+01,2.033905e+01,2.008258e+01,1.982609e+01,1.956959e+01,1.931306e+01,1.905651e+01,1.879995e+01,1.854336e+01,1.828675e+01,1.803013e+01,1.777348e+01,1.751682e+01,1.726013e+01,1.700343e+01,1.674670e+01,1.648996e+01,1.623320e+01,1.597641e+01,1.571961e+01,1.546279e+01,1.520594e+01,1.494908e+01,1.469220e+01,1.443530e+01
2.769289e+01,2.743703e+01,2.718114e+01,2.692524e+01,2.666931e+01,2.641337e+01,2.615741e+01,2.590142e+01,2.564542e+01,2.538939e+01,2.513335e+01,2.487729e+01,2.462120e+01,2.436510e+01,2.410897e+01,2.385283e+01,2.359667e+01,2.334048e+01,2.308428e+01,2.282806e+01,2.257182e+01,2.231555e+01,2.205927e+01,2.180297e+01,2.154665e+01,2.129031e+01,2.103394e+01,2.077756e+01,2.052116e+01,2.026474e+01,2.000830e+01,1.975184e+01,1.949536e+01,1.923886e+01,1.898234e+01,1.872580e+01,1.846924e+01,1.821266e+01,1.795606e+01,1.769945e+01,1.744281e+01,1.718615e+01,1.692947e+01,1.667278e+01,1.641606e+01,1.615932e+01,1.590257e+01,1.564579e+01,1.538899e+01,1.513218e+01
2.838555e+01,2.812977e+01,2.787397e+01,2.761816e+01,2.736232e+01,2.710646e+01,2.685058e+01,2.659469e+01,2.633877e+01,2.608283e+01,2.582687e+01,2.557090e+01,2.531490e+01,2.505888e+01,2.480285e+01,2.454679e+01,2.429071e+01,2.403462e+01,2.377850e+01,2.352236e+01,2.326621e+01,2.301003e+01,2.275384e+01,2.249762e+01,2.224139e+01,2.198513e+01,2.172886e+01,2.147256e+01,2.121625e+01,2.095991e+01,2.070356e+01,2.044718e+01,2.019079e+01,1.993438e+01,1.967794e+01,1.942149e+01,1.916502e+01,1.890853e+01,1.865201e+01,1.839548e+01,1.813893e+01,1.788236e+01,1.762577e+01,1.736916e+01,1.711252e+01,1.685587e+01,1.659920e+01,1.634251e+01,1.608581e+01,1.582908e+01
2.907822e+01,2.882253e+01,2.856682e+01,2.831109e+01,2.805534e+01,2.779957e+01,2.754378e+01,2.728797e+01,2.703214e+01,2.677629e+01,2.652041e+01,2.626452e+01,2.600861e+01,2.575268e+01,2.549673e+01,2.524076e+01,2.498477e+01,2.472876e+01,2.447274e+01,2.421669e+01,2.396062e+01,2.370453e+01,2.344842e+01,2.319229e+01,2.293614e+01,2.267997e+01,2.242378e+01,2.216757e+01,2.191135e+01,2.165510e+01,2.139883e+01,2.114254e+01,2.088624e+01,2.062991e+01,2.037356e+01,2.011720e+01,1.986081e+01,1.960440e+01,1.934798e+01,1.909153e+01,1.883507e+01,1.857858e+01,1.832208e+01,1.806555e+01,1.780901e+01,1.755244e+01,1.729586e+01,1.703926e+01,1.678263e+01,1.652599e+01
2.977091e+01,2.951530e+01,2.925968e+01,2.900404e+01,2.874837e+01,2.849269e+01,2.823699e+01,2.798126e+01,2.772552e+01,2.746975e+01,2.721397e+01,2.695817e+01,2.670234e+01,2.644650e+01,2.619064e+01,2.593475e+01,2.567885e+01,2.542293e+01,2.516698e+01,2.491102e+01,2.465504e+01,2.439904e+01,2.414301e+01,2.388697e+01,2.363091e+01,2.337483e+01,2.311873e+01,2.286260e+01,2.260646e+01,2.235030e+01,2.209412e+01,2.183792e+01,2.158170e+01,2.132546e+01,2.106920e+01,2.081292e+01,2.055662e+01,2.030030e+01,2.004396e+01,1.978760e+01,1.953122e+01,1.927482e+01,1.901840e+01,1.876196e+01,1.850551e+01,1.824903e+01,1.799253e+01,1.773601e+01,1.747948e+01,1.722292e+01
3.046361e+01,3.020809e+01,2.995256e+01,2.969700e+01,2.944142e+01,2.918583e+01,2.893021e+01,2.867457e+01,2.841891e+01,2.816324e+01,2.790754e+01,2.765182e+01,2.739609e+01,2.714033e+01,2.688456e+01,2.662876e+01,2.637294e+01,2.611711e+01,2.586125e+01,2.560537e+01,2.534948e+01,2.509356e+01,2.483763e+01,2.458167e+01,2.432570e+01,2.406970e+01,2.381368e+01,2.355765e+01,2.330159e+01,2.304552e+01,2.278943e+01,2.253331e+01,2.227718e+01,2.202102e+01,2.176485e+01,2.150865e+01,2.125244e+01,2.099621e+01,2.073995e+01,2.048368e+01,2.022739e+01,1.997108e+01,1.971474e+01,1.945839e+01,1.920202e+01,1.894563e+01,1.868922e+01,1.843279e+01,1.817634e+01,1.791987e+01
3.115632e+01,3.090090e+01,3.064545e+01,3.038998e+01,3.013449e+01,2.987898e+01,2.962345e+01,2.936790e+01,2.911233e+01,2.885674e+01,2.860113e+01,2.834550e+01,2.808985e+01,2.783418e+01,2.757849e+01,2.732278e+01,2.706705e+01,2.681130e+01,2.655553e+01,2.629974e+01,2.604393e+01,2.578810e+01,2.553225e+01,2.527638e+01,2.502050e+01,2.476459e+01,2.450866e+01,2.425271e+01,2.399674e+01,2.374075e+01,2.348475e+01,2.322872e+01,2.297267e+01,2.271660e+01,2.246052e+01,2.220441e+01,2.194828e+01,2.169213e+01,2.143597e+01,2.117978e+01,2.092358e+01,2.066735e+01,2.041110e+01,2.015484e+01,1.989855e+01,1.964225e+01,1.938592e+01,1.912958e+01,1.887321e+01,1.861683e+01
3.184905e+01,3.159371e+01,3.133835e+01,3.108297e+01,3.082756e+01,3.057214e+01,3.031670e+01,3.006124e+01,2.980575e+01,2.955025e+01,2.929473e+01,2.903918e+01,2.878362e+01,2.852804e+01,2.827244e+01,2.801681e+01,2.776117e+01,2.750551e+01,2.724983e+01,2.699412e+01,2.673840e+01,2.648266e+01,2.622690e+01,2.597111e+01,2.571531e+01,2.545949e+01,2.520365e+01,2.494779e+01,2.469190e+01,2.443600e+01,2.418008e+01,2.392414e+01,2.366818e+01,2.341220e+01,2.315620e+01,2.290018e+01,2.264414e+01,2.238808e+01,2.213200e+01,2.187590e+01,2.161978e+01,2.136364e+01,2.110748e+01,2.085130e+01,2.059510e+01,2.033888e+01,2.008264e+01,1.982638e+01,1.957011e+01,1.931381e+01
3.254180e+01,3.228654e+01,3.203127e+01,3.177597e+01,3.152066e+01,3.126532e+01,3.100997e+01,3.075459e+01,3.049919e+01,3.024378e+01,2.998834e+01,2.973289e+01,2.947741e+01,2.922191e+01,2.896640e+01,2.871086e+01,2.845531e+01,2.819973e+01,2.794414e+01,2.768852e+01,2.743289e+01,2.717723e+01,2.692155e+01,2.666586e+01,2.641014e+01,2.615441e+01,2.589865e+01,2.564288e+01,2.538708e+01,2.513127e+01,2.487543e+01,2.461958e+01,2.436370e+01,2.410781e+01,2.385190e+01,2.359596e+01,2.334001e+01,2.308403e+01,2.282804e+01,2.257203e+01,2.231599e+01,2.205994e+01,2.180387e+01,2.154778e+01,2.129166e+01,2.103553e+01,2.077938e+01,2.052321e+01,2.026702e+01,2.001080e+01
3.323456e+01,3.297939e+01,3.272420e+01,3.246899e+01,3.221376e+01,3.195852e+01,3.170325e+01,3.144796e+01,3.119265e+01,3.093732e+01,3.068197e+01,3.042660e+01,3.017121e+01,2.991581e+01,2.966038e+01,2.940493e+01,2.914946e+01,2.889397e+01,2.863846e+01,2.838293e+01,2.812738e+01,2.787182e+01,2.761623e+01,2.736062e+01,2.710499e+01,2.684934e+01,2.659367e+01,2.633798e+01,2.608228e+01,2.582655e+01,2.557080e+01,2.531503e+01,2.505925e+01,2.480344e+01,2.454761e+01,2.429176e+01,2.403590e+01,2.378001e+01,2.352410e+01,2.326817e+01,2.301223e+01,2.275626e+01,2.250028e+01,2.224427e+01,2.198824e+01,2.173220e+01,2.147613e+01,2.122005e+01,2.096394e+01,2.070782e+01
3.392733e+01,3.367225e+01,3.341715e+01,3.316203e+01,3.290688e+01,3.265172e+01,3.239654e+01,3.214134e+01,3.188612e+01,3.163088e+01,3.137562e+01,3.112033e+01,3.086503e+01,3.060971e+01,3.035437e+01,3.009901e+01,2.984362e+01,2.958822e+01,2.933280e+01,2.907736e+01,2.882190e+01,2.856642e+01,2.831091e+01,2.805539e+01,2.779985e+01,2.754429e+01,2.728871e+01,2.703311e+01,2.677749e+01,2.652184e+01,2.626618e+01,2.601050e+01,2.575480e+01,2.549908e+01,2.524334e+01,2.498758e+01,2.473180e+01,2.447600e+01,2.422018e+01,2.396434e+01,2.370848e+01,2.345260e+01,2.319670e+01,2.294078e+01,2.268484e+01,2.242888e+01,2.217290e+01,2.191690e+01,2.166088e+01,2.140484e+01
