-1.533044e+00,-1.509903e+00,-1.487301e+00,-1.465271e+00,-1.443847e+00,-1.423062e+00,-1.402954e+00,-1.383561e+00,-1.364922e+00,-1.347076e+00,-1.330067e+00,-1.313935e+00,-1.298724e+00,-1.284475e+00,-1.271232e+00,-1.259036e+00,-1.247927e+00,-1.237943e+00,-1.229120e+00,-1.221492e+00,-1.215087e+00,-1.209931e+00,-1.206045e+00,-1.203445e+00,-1.202142e+00,-1.202142e+00,-1.203445e+00,-1.206045e+00,-1.209931e+00,-1.215087e+00,-1.221492e+00,-1.229120e+00,-1.237943e+00,-1.247927e+00,-1.259037e+00,-1.271233e+00,-1.284476e+00,-1.298724e+00,-1.313935e+00,-1.330067e+00,-1.347077e+00,-1.364922e+00,-1.383561e+00,-1.402955e+00,-1.423063e+00,-1.443847e+00,-1.465272e+00,-1.487301e+00,-1.509903e+00,-1.533045e+00
-1.509902e+00,-1.486308e+00,-1.463247e+00,-1.440753e+00,-1.418859e+00,-1.397601e+00,-1.377019e+00,-1.357151e+00,-1.338039e+00,-1.319725e+00,-1.302254e+00,-1.285670e+00,-1.270019e+00,-1.255347e+00,-1.241699e+00,-1.229120e+00,-1.217654e+00,-1.207342e+00,-1.198223e+00,-1.190335e+00,-1.183708e+00,-1.178372e+00,-1.174349e+00,-1.171656e+00,-1.170307e+00,-1.170307e+00,-1.171656e+00,-1.174349e+00,-1.178372e+00,-1.183708e+00,-1.190335e+00,-1.198223e+00,-1.207342e+00,-1.217654e+00,-1.229120e+00,-1.241699e+00,-1.255347e+00,-1.270020e+00,-1.285671e+00,-1.302255e+00,-1.319726e+00,-1.338039e+00,-1.357151e+00,-1.377019e+00,-1.397602e+00,-1.418859e+00,-1.440753e+00,-1.463248e+00,-1.486309e+00,-1.509903e+00
-1.487301e+00,-1.463247e+00,-1.439720e+00,-1.416751e+00,-1.394377e+00,-1.372635e+00,-1.351566e+00,-1.331209e+00,-1.311609e+00,-1.292811e+00,-1.274861e+00,-1.257808e+00,-1.241699e+00,-1.226584e+00,-1.212512e+00,-1.199531e+00,-1.187690e+00,-1.177032e+00,-1.167603e+00,-1.159440e+00,-1.152579e+00,-1.147052e+00,-1.142883e+00,-1.140093e+00,-1.138695e+00,-1.138695e+00,-1.140093e+00,-1.142884e+00,-1.147052e+00,-1.152579e+00,-1.159440e+00,-1.167603e+00,-1.177033e+00,-1.187690e+00,-1.199531e+00,-1.212512e+00,-1.226584e+00,-1.241699e+00,-1.257808e+00,-1.274862e+00,-1.292812e+00,-1.311610e+00,-1.331209e+00,-1.351566e+00,-1.372636e+00,-1.394377e+00,-1.416751e+00,-1.439720e+00,-1.463248e+00,-1.487301e+00
-1.465271e+00,-1.440752e+00,-1.416751e+00,-1.393300e+00,-1.370437e+00,-1.348200e+00,-1.326631e+00,-1.305772e+00,-1.285670e+00,-1.266372e+00,-1.247926e+00,-1.230385e+00,-1.213800e+00,-1.198223e+00,-1.183708e+00,-1.170307e+00,-1.158072e+00,-1.147052e+00,-1.137294e+00,-1.128842e+00,-1.121735e+00,-1.116006e+00,-1.111684e+00,-1.108790e+00,-1.107340e+00,-1.107340e+00,-1.108790e+00,-1.111684e+00,-1.116006e+00,-1.121735e+00,-1.128842e+00,-1.137294e+00,-1.147052e+00,-1.158072e+00,-1.170307e+00,-1.183708e+00,-1.198223e+00,-1.213800e+00,-1.230385e+00,-1.247927e+00,-1.266372e+00,-1.285670e+00,-1.305773e+00,-1.326631e+00,-1.348200e+00,-1.370437e+00,-1.393300e+00,-1.416751e+00,-1.440753e+00,-1.465271e+00
-1.443846e+00,-1.418858e+00,-1.394377e+00,-1.370437e+00,-1.347076e+00,-1.324334e+00,-1.302254e+00,-1.280880e+00,-1.260262e+00,-1.240448e+00,-1.221491e+00,-1.203444e+00,-1.186364e+00,-1.170307e+00,-1.155329e+00,-1.141489e+00,-1.128842e+00,-1.117441e+00,-1.107339e+00,-1.098583e+00,-1.091216e+00,-1.085275e+00,-1.080792e+00,-1.077789e+00,-1.076283e+00,-1.076284e+00,-1.077789e+00,-1.080792e+00,-1.085275e+00,-1.091216e+00,-1.098584e+00,-1.107340e+00,-1.117442e+00,-1.128842e+00,-1.141489e+00,-1.155330e+00,-1.170307e+00,-1.186364e+00,-1.203444e+00,-1.221491e+00,-1.240448e+00,-1.260262e+00,-1.280881e+00,-1.302254e+00,-1.324334e+00,-1.347076e+00,-1.370437e+00,-1.394377e+00,-1.418859e+00,-1.443846e+00
-1.423061e+00,-1.397601e+00,-1.372635e+00,-1.348200e+00,-1.324333e+00,-1.301078e+00,-1.278477e+00,-1.256578e+00,-1.235429e+00,-1.215085e+00,-1.195600e+00,-1.177032e+00,-1.159439e+00,-1.142883e+00,-1.127425e+00,-1.113126e+00,-1.100049e+00,-1.088251e+00,-1.077789e+00,-1.068714e+00,-1.061075e+00,-1.054912e+00,-1.050259e+00,-1.047141e+00,-1.045578e+00,-1.045578e+00,-1.047142e+00,-1.050259e+00,-1.054912e+00,-1.061075e+00,-1.068715e+00,-1.077789e+00,-1.088251e+00,-1.100049e+00,-1.113127e+00,-1.127425e+00,-1.142883e+00,-1.159439e+00,-1.177032e+00,-1.195601e+00,-1.215086e+00,-1.235430e+00,-1.256578e+00,-1.278477e+00,-1.301078e+00,-1.324334e+00,-1.348200e+00,-1.372635e+00,-1.397601e+00,-1.423062e+00
-1.402953e+00,-1.377018e+00,-1.351565e+00,-1.326630e+00,-1.302253e+00,-1.278477e+00,-1.255346e+00,-1.232910e+00,-1.211221e+00,-1.190333e+00,-1.170306e+00,-1.151200e+00,-1.133078e+00,-1.116005e+00,-1.100049e+00,-1.085275e+00,-1.071750e+00,-1.059538e+00,-1.048701e+00,-1.039296e+00,-1.031373e+00,-1.024979e+00,-1.020149e+00,-1.016913e+00,-1.015290e+00,-1.015290e+00,-1.016913e+00,-1.020149e+00,-1.024979e+00,-1.031373e+00,-1.039296e+00,-1.048701e+00,-1.059539e+00,-1.071750e+00,-1.085275e+00,-1.100049e+00,-1.116005e+00,-1.133078e+00,-1.151200e+00,-1.170307e+00,-1.190334e+00,-1.211221e+00,-1.232911e+00,-1.255347e+00,-1.278477e+00,-1.302254e+00,-1.326631e+00,-1.351565e+00,-1.377018e+00,-1.402954e+00
-1.383560e+00,-1.357150e+00,-1.331208e+00,-1.305771e+00,-1.280880e+00,-1.256577e+00,-1.232910e+00,-1.209929e+00,-1.187688e+00,-1.166246e+00,-1.145663e+00,-1.126005e+00,-1.107339e+00,-1.089734e+00,-1.073264e+00,-1.057999e+00,-1.044012e+00,-1.031373e+00,-1.020149e+00,-1.010402e+00,-1.002188e+00,-9.955554e-01,-9.905451e-01,-9.871875e-01,-9.855035e-01,-9.855035e-01,-9.871876e-01,-9.905452e-01,-9.955556e-01,-1.002188e+00,-1.010402e+00,-1.020149e+00,-1.031373e+00,-1.044012e+00,-1.057999e+00,-1.073264e+00,-1.089735e+00,-1.107339e+00,-1.126006e+00,-1.145664e+00,-1.166247e+00,-1.187689e+00,-1.209930e+00,-1.232910e+00,-1.256578e+00,-1.280880e+00,-1.305772e+00,-1.331209e+00,-1.357150e+00,-1.383560e+00
-1.364920e+00,-1.338038e+00,-1.311608e+00,-1.285669e+00,-1.260261e+00,-1.235429e+00,-1.211221e+00,-1.187688e+00,-1.164889e+00,-1.142882e+00,-1.121733e+00,-1.101511e+00,-1.082288e+00,-1.064139e+00,-1.047141e+00,-1.031373e+00,-1.016913e+00,-1.003837e+00,-9.922184e-01,-9.821245e-01,-9.736159e-01,-9.667446e-01,-9.615532e-01,-9.580743e-01,-9.563294e-01,-9.563294e-01,-9.580744e-01,-9.615534e-01,-9.667448e-01,-9.736161e-01,-9.821248e-01,-9.922187e-01,-1.003837e+00,-1.016913e+00,-1.031373e+00,-1.047141e+00,-1.064139e+00,-1.082288e+00,-1.101512e+00,-1.121734e+00,-1.142883e+00,-1.164889e+00,-1.187689e+00,-1.211221e+00,-1.235429e+00,-1.260262e+00,-1.285670e+00,-1.311609e+00,-1.338038e+00,-1.364921e+00
-1.347075e+00,-1.319724e+00,-1.292810e+00,-1.266370e+00,-1.240447e+00,-1.215085e+00,-1.190333e+00,-1.166246e+00,-1.142882e+00,-1.120305e+00,-1.098582e+00,-1.077788e+00,-1.057998e+00,-1.039295e+00,-1.021761e+00,-1.005483e+00,-9.905446e-01,-9.770297e-01,-9.650174e-01,-9.545804e-01,-9.457832e-01,-9.386804e-01,-9.333157e-01,-9.297216e-01,-9.279193e-01,-9.279193e-01,-9.297217e-01,-9.333159e-01,-9.386806e-01,-9.457835e-01,-9.545807e-01,-9.650178e-01,-9.770301e-01,-9.905450e-01,-1.005483e+00,-1.021762e+00,-1.039295e+00,-1.057999e+00,-1.077788e+00,-1.098583e+00,-1.120305e+00,-1.142882e+00,-1.166246e+00,-1.190333e+00,-1.215085e+00,-1.240447e+00,-1.266371e+00,-1.292810e+00,-1.319724e+00,-1.347075e+00
-1.330065e+00,-1.302252e+00,-1.274860e+00,-1.247925e+00,-1.221489e+00,-1.195599e+00,-1.170305e+00,-1.145663e+00,-1.121733e+00,-1.098582e+00,-1.076282e+00,-1.054911e+00,-1.034551e+00,-1.015289e+00,-9.972178e-01,-9.804294e-01,-9.650172e-01,-9.510722e-01,-9.386801e-01,-9.279189e-01,-9.188558e-01,-9.115457e-01,-9.060303e-01,-9.023387e-01,-9.004888e-01,-9.004888e-01,-9.023388e-01,-9.060305e-01,-9.115459e-01,-9.188561e-01,-9.279192e-01,-9.386805e-01,-9.510726e-01,-9.650176e-01,-9.804299e-01,-9.972183e-01,-1.015290e+00,-1.034551e+00,-1.054911e+00,-1.076283e+00,-1.098583e+00,-1.121734e+00,-1.145663e+00,-1.170306e+00,-1.195600e+00,-1.221490e+00,-1.247925e+00,-1.274860e+00,-1.302253e+00,-1.330065e+00
-1.313933e+00,-1.285668e+00,-1.257806e+00,-1.230383e+00,-1.203443e+00,-1.177031e+00,-1.151199e+00,-1.126004e+00,-1.101511e+00,-1.077787e+00,-1.054910e+00,-1.032963e+00,-1.012033e+00,-9.922177e-01,-9.736151e-01,-9.563285e-01,-9.404610e-01,-9.261128e-01,-9.133777e-01,-9.023384e-01,-8.930630e-01,-8.856025e-01,-8.799900e-01,-8.762432e-01,-8.743691e-01,-8.743691e-01,-8.762433e-01,-8.799902e-01,-8.856027e-01,-8.930633e-01,-9.023387e-01,-9.133781e-01,-9.261133e-01,-9.404614e-01,-9.563290e-01,-9.736156e-01,-9.922182e-01,-1.012034e+00,-1.032963e+00,-1.054911e+00,-1.077788e+00,-1.101511e+00,-1.126005e+00,-1.151199e+00,-1.177031e+00,-1.203443e+00,-1.230384e+00,-1.257807e+00,-1.285669e+00,-1.313933e+00
-1.298721e+00,-1.270017e+00,-1.241697e+00,-1.213798e+00,-1.186362e+00,-1.159437e+00,-1.133076e+00,-1.107338e+00,-1.082287e+00,-1.057998e+00,-1.034550e+00,-1.012033e+00,-9.905439e-01,-9.701864e-01,-9.510717e-01,-9.333149e-01,-9.170326e-01,-9.023381e-01,-8.893363e-01,-8.781166e-01,-8.687467e-01,-8.612669e-01,-8.556871e-01,-8.519922e-01,-8.501656e-01,-8.501656e-01,-8.519923e-01,-8.556872e-01,-8.612672e-01,-8.687470e-01,-8.781170e-01,-8.893367e-01,-9.023386e-01,-9.170331e-01,-9.333154e-01,-9.510722e-01,-9.701870e-01,-9.905444e-01,-1.012034e+00,-1.034551e+00,-1.057998e+00,-1.082288e+00,-1.107338e+00,-1.133077e+00,-1.159438e+00,-1.186363e+00,-1.213798e+00,-1.241697e+00,-1.270018e+00,-1.298722e+00
-1.284473e+00,-1.255345e+00,-1.226581e+00,-1.198221e+00,-1.170305e+00,-1.142881e+00,-1.116004e+00,-1.089733e+00,-1.064138e+00,-1.039294e+00,-1.015289e+00,-9.922172e-01,-9.701862e-01,-9.493120e-01,-9.297205e-01,-9.115449e-01,-8.949225e-01,-8.799894e-01,-8.668738e-01,-8.556865e-01,-8.465053e-01,-8.394841e-01,-8.343654e-01,-8.310059e-01,-8.293410e-01,-8.293411e-01,-8.310060e-01,-8.343656e-01,-8.394843e-01,-8.465056e-01,-8.556869e-01,-8.668742e-01,-8.799899e-01,-8.949230e-01,-9.115454e-01,-9.297211e-01,-9.493126e-01,-9.701868e-01,-9.922178e-01,-1.015289e+00,-1.039295e+00,-1.064138e+00,-1.089734e+00,-1.116004e+00,-1.142882e+00,-1.170305e+00,-1.198221e+00,-1.226582e+00,-1.255345e+00,-1.284473e+00
-1.271230e+00,-1.241696e+00,-1.212509e+00,-1.183705e+00,-1.155327e+00,-1.127423e+00,-1.100047e+00,-1.073262e+00,-1.047139e+00,-1.021760e+00,-9.972169e-01,-9.736144e-01,-9.510712e-01,-9.297202e-01,-9.097092e-01,-8.912001e-01,-8.743682e-01,-8.594022e-01,-8.465180e-01,-8.360593e-01,-8.276839e-01,-8.211341e-01,-8.162946e-01,-8.130992e-01,-8.115102e-01,-8.115103e-01,-8.130993e-01,-8.162948e-01,-8.211344e-01,-8.276842e-01,-8.360597e-01,-8.465184e-01,-8.594027e-01,-8.743687e-01,-8.912007e-01,-9.097098e-01,-9.297209e-01,-9.510718e-01,-9.736151e-01,-9.972176e-01,-1.021761e+00,-1.047140e+00,-1.073263e+00,-1.100047e+00,-1.127423e+00,-1.155328e+00,-1.183706e+00,-1.212510e+00,-1.241697e+00,-1.271230e+00
-1.259033e+00,-1.229117e+00,-1.199528e+00,-1.170304e+00,-1.141487e+00,-1.113124e+00,-1.085273e+00,-1.057997e+00,-1.031371e+00,-1.005481e+00,-9.804283e-01,-9.563276e-01,-9.333142e-01,-9.115444e-01,-8.911998e-01,-8.724936e-01,-8.556881e-01,-8.412212e-01,-8.293405e-01,-8.195142e-01,-8.115099e-01,-8.052084e-01,-8.005355e-01,-7.974439e-01,-7.959048e-01,-7.959048e-01,-7.974440e-01,-8.005357e-01,-8.052086e-01,-8.115102e-01,-8.195146e-01,-8.293409e-01,-8.412217e-01,-8.556887e-01,-8.724942e-01,-8.912005e-01,-9.115450e-01,-9.333148e-01,-9.563282e-01,-9.804289e-01,-1.005482e+00,-1.031372e+00,-1.057998e+00,-1.085274e+00,-1.113125e+00,-1.141487e+00,-1.170305e+00,-1.199529e+00,-1.229118e+00,-1.259034e+00
-1.247924e+00,-1.217651e+00,-1.187687e+00,-1.158069e+00,-1.128839e+00,-1.100046e+00,-1.071748e+00,-1.044010e+00,-1.016911e+00,-9.905430e-01,-9.650158e-01,-9.404598e-01,-9.170316e-01,-8.949218e-01,-8.743677e-01,-8.556879e-01,-8.394883e-01,-8.260346e-01,-8.146933e-01,-8.052081e-01,-7.974435e-01,-7.913131e-01,-7.867590e-01,-7.837425e-01,-7.822400e-01,-7.822400e-01,-7.837427e-01,-7.867592e-01,-7.913134e-01,-7.974439e-01,-8.052085e-01,-8.146938e-01,-8.260352e-01,-8.394888e-01,-8.556885e-01,-8.743683e-01,-8.949224e-01,-9.170323e-01,-9.404605e-01,-9.650165e-01,-9.905436e-01,-1.016911e+00,-1.044011e+00,-1.071748e+00,-1.100047e+00,-1.128840e+00,-1.158069e+00,-1.187687e+00,-1.217651e+00,-1.247924e+00
-1.237940e+00,-1.207338e+00,-1.177029e+00,-1.147049e+00,-1.117439e+00,-1.088248e+00,-1.059536e+00,-1.031371e+00,-1.003835e+00,-9.770279e-01,-9.510706e-01,-9.261114e-01,-9.023369e-01,-8.799885e-01,-8.594014e-01,-8.412207e-01,-8.260344e-01,-8.130983e-01,-8.020877e-01,-7.928391e-01,-7.852485e-01,-7.792456e-01,-7.747811e-01,-7.718220e-01,-7.703475e-01,-7.703475e-01,-7.718222e-01,-7.747813e-01,-7.792458e-01,-7.852489e-01,-7.928395e-01,-8.020882e-01,-8.130988e-01,-8.260350e-01,-8.412213e-01,-8.594021e-01,-8.799891e-01,-9.023376e-01,-9.261121e-01,-9.510712e-01,-9.770286e-01,-1.003836e+00,-1.031371e+00,-1.059537e+00,-1.088249e+00,-1.117439e+00,-1.147049e+00,-1.177030e+00,-1.207339e+00,-1.237940e+00
-1.229117e+00,-1.198220e+00,-1.167599e+00,-1.137291e+00,-1.107336e+00,-1.077786e+00,-1.048699e+00,-1.020146e+00,-9.922161e-01,-9.650154e-01,-9.386783e-01,-9.133761e-01,-8.893349e-01,-8.668725e-01,-8.465170e-01,-8.293397e-01,-8.146928e-01,-8.020875e-01,-7.913126e-01,-7.822394e-01,-7.747808e-01,-7.688758e-01,-7.644810e-01,-7.615667e-01,-7.601140e-01,-7.601140e-01,-7.615668e-01,-7.644812e-01,-7.688761e-01,-7.747812e-01,-7.822398e-01,-7.913131e-01,-8.020880e-01,-8.146934e-01,-8.293403e-01,-8.465176e-01,-8.668732e-01,-8.893356e-01,-9.133767e-01,-9.386789e-01,-9.650161e-01,-9.922168e-01,-1.020147e+00,-1.048699e+00,-1.077786e+00,-1.107337e+00,-1.137291e+00,-1.167600e+00,-1.198220e+00,-1.229117e+00
-1.221488e+00,-1.190331e+00,-1.159436e+00,-1.128839e+00,-1.098580e+00,-1.068711e+00,-1.039293e+00,-1.010399e+00,-9.821220e-01,-9.545781e-01,-9.279168e-01,-9.023365e-01,-8.781149e-01,-8.556850e-01,-8.360580e-01,-8.195131e-01,-8.052073e-01,-7.928385e-01,-7.822391e-01,-7.732993e-01,-7.659425e-01,-7.601137e-01,-7.557733e-01,-7.528940e-01,-7.514586e-01,-7.514586e-01,-7.528941e-01,-7.557734e-01,-7.601139e-01,-7.659428e-01,-7.732997e-01,-7.822396e-01,-7.928390e-01,-8.052079e-01,-8.195138e-01,-8.360587e-01,-8.556857e-01,-8.781156e-01,-9.023372e-01,-9.279175e-01,-9.545788e-01,-9.821227e-01,-1.010400e+00,-1.039293e+00,-1.068712e+00,-1.098581e+00,-1.128839e+00,-1.159437e+00,-1.190331e+00,-1.221488e+00
-1.215082e+00,-1.183704e+00,-1.152575e+00,-1.121731e+00,-1.091213e+00,-1.061072e+00,-1.031370e+00,-1.002185e+00,-9.736131e-01,-9.457807e-01,-9.188534e-01,-8.930609e-01,-8.687447e-01,-8.465035e-01,-8.276824e-01,-8.115086e-01,-7.974425e-01,-7.852477e-01,-7.747803e-01,-7.659423e-01,-7.586637e-01,-7.528937e-01,-7.485955e-01,-7.457436e-01,-7.443216e-01,-7.443216e-01,-7.457437e-01,-7.485957e-01,-7.528939e-01,-7.586640e-01,-7.659426e-01,-7.747808e-01,-7.852482e-01,-7.974430e-01,-8.115092e-01,-8.276830e-01,-8.465042e-01,-8.687454e-01,-8.930616e-01,-9.188541e-01,-9.457813e-01,-9.736138e-01,-1.002185e+00,-1.031371e+00,-1.061072e+00,-1.091213e+00,-1.121732e+00,-1.152576e+00,-1.183705e+00,-1.215083e+00
-1.209926e+00,-1.178368e+00,-1.147048e+00,-1.116002e+00,-1.085272e+00,-1.054908e+00,-1.024975e+00,-9.955523e-01,-9.667416e-01,-9.386776e-01,-9.115431e-01,-8.856001e-01,-8.612647e-01,-8.394821e-01,-8.211324e-01,-8.052068e-01,-7.913118e-01,-7.792445e-01,-7.688750e-01,-7.601131e-01,-7.528934e-01,-7.471679e-01,-7.429018e-01,-7.400706e-01,-7.386588e-01,-7.386588e-01,-7.400707e-01,-7.429020e-01,-7.471682e-01,-7.528937e-01,-7.601135e-01,-7.688755e-01,-7.792450e-01,-7.913124e-01,-8.052074e-01,-8.211330e-01,-8.394827e-01,-8.612654e-01,-8.856008e-01,-9.115437e-01,-9.386783e-01,-9.667422e-01,-9.955529e-01,-1.024976e+00,-1.054909e+00,-1.085272e+00,-1.116003e+00,-1.147049e+00,-1.178368e+00,-1.209927e+00
-1.206040e+00,-1.174344e+00,-1.142879e+00,-1.111680e+00,-1.080788e+00,-1.050255e+00,-1.020145e+00,-9.905417e-01,-9.615500e-01,-9.333127e-01,-9.060274e-01,-8.799873e-01,-8.556846e-01,-8.343632e-01,-8.162925e-01,-8.005337e-01,-7.867574e-01,-7.747798e-01,-7.644800e-01,-7.557725e-01,-7.485950e-01,-7.429015e-01,-7.386584e-01,-7.358422e-01,-7.344377e-01,-7.344378e-01,-7.358423e-01,-7.386586e-01,-7.429017e-01,-7.485953e-01,-7.557728e-01,-7.644804e-01,-7.747803e-01,-7.867579e-01,-8.005342e-01,-8.162931e-01,-8.343638e-01,-8.556852e-01,-8.799880e-01,-9.060281e-01,-9.333133e-01,-9.615506e-01,-9.905423e-01,-1.020146e+00,-1.050255e+00,-1.080788e+00,-1.111680e+00,-1.142880e+00,-1.174345e+00,-1.206041e+00
-1.203440e+00,-1.171652e+00,-1.140089e+00,-1.108786e+00,-1.077785e+00,-1.047138e+00,-1.016909e+00,-9.871839e-01,-9.580708e-01,-9.297183e-01,-9.023356e-01,-8.762403e-01,-8.519895e-01,-8.310034e-01,-8.130969e-01,-7.974418e-01,-7.837407e-01,-7.718204e-01,-7.615653e-01,-7.528929e-01,-7.457428e-01,-7.400700e-01,-7.358419e-01,-7.330354e-01,-7.316357e-01,-7.316357e-01,-7.330355e-01,-7.358421e-01,-7.400702e-01,-7.457430e-01,-7.528932e-01,-7.615657e-01,-7.718209e-01,-7.837412e-01,-7.974423e-01,-8.130974e-01,-8.310039e-01,-8.519901e-01,-8.762409e-01,-9.023362e-01,-9.297189e-01,-9.580714e-01,-9.871845e-01,-1.016910e+00,-1.047138e+00,-1.077785e+00,-1.108787e+00,-1.140089e+00,-1.171652e+00,-1.203441e+00
-1.202138e+00,-1.170303e+00,-1.138690e+00,-1.107335e+00,-1.076279e+00,-1.045574e+00,-1.015286e+00,-9.854997e-01,-9.563257e-01,-9.279157e-01,-9.004854e-01,-8.743659e-01,-8.501626e-01,-8.293382e-01,-8.115077e-01,-7.959025e-01,-7.822379e-01,-7.703456e-01,-7.601124e-01,-7.514572e-01,-7.443205e-01,-7.386579e-01,-7.344372e-01,-7.316354e-01,-7.302381e-01,-7.302381e-01,-7.316355e-01,-7.344373e-01,-7.386581e-01,-7.443207e-01,-7.514575e-01,-7.601127e-01,-7.703460e-01,-7.822383e-01,-7.959029e-01,-8.115082e-01,-8.293388e-01,-8.501631e-01,-8.743664e-01,-9.004860e-01,-9.279163e-01,-9.563262e-01,-9.855002e-01,-1.015287e+00,-1.045575e+00,-1.076280e+00,-1.107336e+00,-1.138691e+00,-1.170303e+00,-1.202138e+00
-1.202137e+00,-1.170302e+00,-1.138690e+00,-1.107335e+00,-1.076279e+00,-1.045574e+00,-1.015286e+00,-9.854994e-01,-9.563255e-01,-9.279155e-01,-9.004852e-01,-8.743657e-01,-8.501624e-01,-8.293380e-01,-8.115074e-01,-7.959022e-01,-7.822377e-01,-7.703454e-01,-7.601122e-01,-7.514570e-01,-7.443202e-01,-7.386577e-01,-7.344369e-01,-7.316352e-01,-7.302378e-01,-7.302379e-01,-7.316352e-01,-7.344371e-01,-7.386579e-01,-7.443204e-01,-7.514572e-01,-7.601125e-01,-7.703457e-01,-7.822381e-01,-7.959027e-01,-8.115079e-01,-8.293385e-01,-8.501629e-01,-8.743662e-01,-9.004858e-01,-9.279160e-01,-9.563260e-01,-9.855000e-01,-1.015287e+00,-1.045575e+00,-1.076280e+00,-1.107336e+00,-1.138691e+00,-1.170303e+00,-1.202138e+00
-1.203440e+00,-1.171651e+00,-1.140088e+00,-1.108785e+00,-1.077784e+00,-1.047137e+00,-1.016909e+00,-9.871833e-01,-9.580702e-01,-9.297176e-01,-9.023350e-01,-8.762396e-01,-8.519888e-01,-8.310027e-01,-8.130962e-01,-7.974411e-01,-7.837400e-01,-7.718197e-01,-7.615646e-01,-7.528922e-01,-7.457420e-01,-7.400693e-01,-7.358412e-01,-7.330346e-01,-7.316349e-01,-7.316350e-01,-7.330347e-01,-7.358413e-01,-7.400695e-01,-7.457422e-01,-7.528924e-01,-7.615649e-01,-7.718201e-01,-7.837404e-01,-7.974415e-01,-8.130966e-01,-8.310031e-01,-8.519893e-01,-8.762401e-01,-9.023355e-01,-9.297181e-01,-9.580707e-01,-9.871838e-01,-1.016909e+00,-1.047137e+00,-1.077785e+00,-1.108786e+00,-1.140089e+00,-1.171652e+00,-1.203440e+00
-1.206039e+00,-1.174343e+00,-1.142878e+00,-1.111679e+00,-1.080787e+00,-1.050254e+00,-1.020144e+00,-9.905407e-01,-9.615490e-01,-9.333116e-01,-9.060264e-01,-8.799862e-01,-8.556835e-01,-8.343621e-01,-8.162914e-01,-8.005325e-01,-7.867563e-01,-7.747787e-01,-7.644788e-01,-7.557713e-01,-7.485938e-01,-7.429003e-01,-7.386572e-01,-7.358410e-01,-7.344365e-01,-7.344365e-01,-7.358410e-01,-7.386573e-01,-7.429005e-01,-7.485940e-01,-7.557715e-01,-7.644790e-01,-7.747789e-01,-7.867566e-01,-8.005329e-01,-8.162917e-01,-8.343624e-01,-8.556839e-01,-8.799867e-01,-9.060268e-01,-9.333121e-01,-9.615495e-01,-9.905412e-01,-1.020145e+00,-1.050254e+00,-1.080787e+00,-1.111679e+00,-1.142879e+00,-1.174344e+00,-1.206040e+00
-1.209925e+00,-1.178366e+00,-1.147047e+00,-1.116001e+00,-1.085270e+00,-1.054907e+00,-1.024974e+00,-9.955508e-01,-9.667401e-01,-9.386762e-01,-9.115416e-01,-8.855986e-01,-8.612632e-01,-8.394805e-01,-8.211308e-01,-8.052052e-01,-7.913102e-01,-7.792429e-01,-7.688734e-01,-7.601115e-01,-7.528917e-01,-7.471662e-01,-7.429001e-01,-7.400689e-01,-7.386570e-01,-7.386570e-01,-7.400689e-01,-7.429002e-01,-7.471664e-01,-7.528919e-01,-7.601117e-01,-7.688736e-01,-7.792431e-01,-7.913105e-01,-8.052055e-01,-8.211311e-01,-8.394809e-01,-8.612635e-01,-8.855990e-01,-9.115420e-01,-9.386766e-01,-9.667406e-01,-9.955513e-01,-1.024974e+00,-1.054907e+00,-1.085271e+00,-1.116001e+00,-1.147047e+00,-1.178367e+00,-1.209925e+00
-1.215081e+00,-1.183702e+00,-1.152574e+00,-1.121729e+00,-1.091211e+00,-1.061070e+00,-1.031368e+00,-1.002183e+00,-9.736113e-01,-9.457788e-01,-9.188515e-01,-8.930589e-01,-8.687428e-01,-8.465015e-01,-8.276804e-01,-8.115065e-01,-7.974404e-01,-7.852457e-01,-7.747782e-01,-7.659401e-01,-7.586615e-01,-7.528915e-01,-7.485933e-01,-7.457414e-01,-7.443193e-01,-7.443193e-01,-7.457414e-01,-7.485934e-01,-7.528916e-01,-7.586617e-01,-7.659403e-01,-7.747784e-01,-7.852459e-01,-7.974407e-01,-8.115068e-01,-8.276807e-01,-8.465019e-01,-8.687431e-01,-8.930593e-01,-9.188519e-01,-9.457792e-01,-9.736117e-01,-1.002183e+00,-1.031369e+00,-1.061070e+00,-1.091212e+00,-1.121730e+00,-1.152574e+00,-1.183703e+00,-1.215081e+00
-1.221486e+00,-1.190329e+00,-1.159434e+00,-1.128836e+00,-1.098578e+00,-1.068709e+00,-1.039291e+00,-1.010397e+00,-9.821198e-01,-9.545759e-01,-9.279145e-01,-9.023341e-01,-8.781126e-01,-8.556826e-01,-8.360556e-01,-8.195107e-01,-8.052048e-01,-7.928360e-01,-7.822365e-01,-7.732967e-01,-7.659399e-01,-7.601110e-01,-7.557706e-01,-7.528913e-01,-7.514559e-01,-7.514559e-01,-7.528914e-01,-7.557707e-01,-7.601111e-01,-7.659400e-01,-7.732969e-01,-7.822367e-01,-7.928362e-01,-8.052050e-01,-8.195109e-01,-8.360558e-01,-8.556829e-01,-8.781129e-01,-9.023345e-01,-9.279148e-01,-9.545762e-01,-9.821202e-01,-1.010397e+00,-1.039291e+00,-1.068710e+00,-1.098578e+00,-1.128837e+00,-1.159434e+00,-1.190329e+00,-1.221486e+00
-1.229114e+00,-1.198217e+00,-1.167597e+00,-1.137288e+00,-1.107334e+00,-1.077783e+00,-1.048696e+00,-1.020144e+00,-9.922135e-01,-9.650127e-01,-9.386755e-01,-9.133733e-01,-8.893321e-01,-8.668697e-01,-8.465141e-01,-8.293368e-01,-8.146898e-01,-8.020845e-01,-7.913096e-01,-7.822363e-01,-7.747778e-01,-7.688727e-01,-7.644779e-01,-7.615635e-01,-7.601108e-01,-7.601108e-01,-7.615635e-01,-7.644780e-01,-7.688728e-01,-7.747779e-01,-7.822365e-01,-7.913097e-01,-8.020847e-01,-8.146900e-01,-8.293370e-01,-8.465143e-01,-8.668699e-01,-8.893324e-01,-9.133736e-01,-9.386759e-01,-9.650130e-01,-9.922138e-01,-1.020144e+00,-1.048696e+00,-1.077784e+00,-1.107334e+00,-1.137289e+00,-1.167597e+00,-1.198218e+00,-1.229114e+00
-1.237937e+00,-1.207335e+00,-1.177026e+00,-1.147046e+00,-1.117436e+00,-1.088245e+00,-1.059533e+00,-1.031368e+00,-1.003832e+00,-9.770248e-01,-9.510674e-01,-9.261083e-01,-9.023337e-01,-8.799852e-01,-8.593981e-01,-8.412173e-01,-8.260310e-01,-8.130949e-01,-8.020843e-01,-7.928356e-01,-7.852450e-01,-7.792420e-01,-7.747776e-01,-7.718184e-01,-7.703439e-01,-7.703439e-01,-7.718185e-01,-7.747776e-01,-7.792421e-01,-7.852451e-01,-7.928357e-01,-8.020844e-01,-8.130950e-01,-8.260312e-01,-8.412175e-01,-8.593983e-01,-8.799854e-01,-9.023340e-01,-9.261085e-01,-9.510677e-01,-9.770252e-01,-1.003832e+00,-1.031368e+00,-1.059533e+00,-1.088246e+00,-1.117436e+00,-1.147046e+00,-1.177027e+00,-1.207336e+00,-1.237937e+00
-1.247921e+00,-1.217647e+00,-1.187683e+00,-1.158066e+00,-1.128836e+00,-1.100043e+00,-1.071744e+00,-1.044006e+00,-1.016907e+00,-9.905395e-01,-9.650123e-01,-9.404562e-01,-9.170280e-01,-8.949181e-01,-8.743640e-01,-8.556841e-01,-8.394844e-01,-8.260308e-01,-8.146894e-01,-8.052041e-01,-7.974395e-01,-7.913091e-01,-7.867550e-01,-7.837385e-01,-7.822359e-01,-7.822359e-01,-7.837385e-01,-7.867550e-01,-7.913092e-01,-7.974396e-01,-8.052042e-01,-8.146895e-01,-8.260309e-01,-8.394846e-01,-8.556843e-01,-8.743642e-01,-8.949183e-01,-9.170283e-01,-9.404565e-01,-9.650126e-01,-9.905398e-01,-1.016908e+00,-1.044007e+00,-1.071745e+00,-1.100043e+00,-1.128836e+00,-1.158066e+00,-1.187684e+00,-1.217648e+00,-1.247921e+00
-1.259030e+00,-1.229114e+00,-1.199525e+00,-1.170301e+00,-1.141483e+00,-1.113121e+00,-1.085269e+00,-1.057993e+00,-1.031367e+00,-1.005478e+00,-9.804243e-01,-9.563236e-01,-9.333102e-01,-9.115403e-01,-8.911957e-01,-8.724894e-01,-8.556839e-01,-8.412169e-01,-8.293361e-01,-8.195098e-01,-8.115055e-01,-8.052039e-01,-8.005310e-01,-7.974393e-01,-7.959003e-01,-7.959003e-01,-7.974394e-01,-8.005311e-01,-8.052040e-01,-8.115056e-01,-8.195099e-01,-8.293363e-01,-8.412170e-01,-8.556840e-01,-8.724896e-01,-8.911959e-01,-9.115405e-01,-9.333104e-01,-9.563239e-01,-9.804246e-01,-1.005478e+00,-1.031368e+00,-1.057994e+00,-1.085269e+00,-1.113121e+00,-1.141483e+00,-1.170301e+00,-1.199525e+00,-1.229114e+00,-1.259030e+00
-1.271226e+00,-1.241692e+00,-1.212505e+00,-1.183701e+00,-1.155323e+00,-1.127419e+00,-1.100043e+00,-1.073258e+00,-1.047135e+00,-1.021756e+00,-9.972126e-01,-9.736101e-01,-9.510668e-01,-9.297158e-01,-9.097047e-01,-8.911955e-01,-8.743635e-01,-8.593975e-01,-8.465132e-01,-8.360545e-01,-8.276791e-01,-8.211293e-01,-8.162897e-01,-8.130943e-01,-8.115053e-01,-8.115053e-01,-8.130943e-01,-8.162897e-01,-8.211293e-01,-8.276792e-01,-8.360546e-01,-8.465133e-01,-8.593976e-01,-8.743637e-01,-8.911957e-01,-9.097049e-01,-9.297160e-01,-9.510670e-01,-9.736103e-01,-9.972129e-01,-1.021756e+00,-1.047135e+00,-1.073258e+00,-1.100043e+00,-1.127419e+00,-1.155323e+00,-1.183702e+00,-1.212506e+00,-1.241693e+00,-1.271226e+00
-1.284469e+00,-1.255340e+00,-1.226577e+00,-1.198216e+00,-1.170300e+00,-1.142877e+00,-1.115999e+00,-1.089728e+00,-1.064133e+00,-1.039289e+00,-1.015284e+00,-9.922125e-01,-9.701814e-01,-9.493072e-01,-9.297156e-01,-9.115399e-01,-8.949175e-01,-8.799844e-01,-8.668686e-01,-8.556813e-01,-8.465001e-01,-8.394788e-01,-8.343601e-01,-8.310006e-01,-8.293356e-01,-8.293356e-01,-8.310006e-01,-8.343602e-01,-8.394789e-01,-8.465001e-01,-8.556814e-01,-8.668687e-01,-8.799845e-01,-8.949176e-01,-9.115401e-01,-9.297158e-01,-9.493073e-01,-9.701816e-01,-9.922127e-01,-1.015284e+00,-1.039290e+00,-1.064133e+00,-1.089729e+00,-1.115999e+00,-1.142877e+00,-1.170301e+00,-1.198217e+00,-1.226577e+00,-1.255341e+00,-1.284469e+00
-1.298717e+00,-1.270013e+00,-1.241692e+00,-1.213793e+00,-1.186357e+00,-1.159433e+00,-1.133071e+00,-1.107333e+00,-1.082282e+00,-1.057993e+00,-1.034545e+00,-1.012028e+00,-9.905387e-01,-9.701812e-01,-9.510664e-01,-9.333096e-01,-9.170272e-01,-9.023327e-01,-8.893308e-01,-8.781111e-01,-8.687411e-01,-8.612613e-01,-8.556814e-01,-8.519865e-01,-8.501598e-01,-8.501598e-01,-8.519865e-01,-8.556814e-01,-8.612613e-01,-8.687412e-01,-8.781112e-01,-8.893309e-01,-9.023328e-01,-9.170273e-01,-9.333097e-01,-9.510666e-01,-9.701814e-01,-9.905389e-01,-1.012028e+00,-1.034545e+00,-1.057993e+00,-1.082282e+00,-1.107333e+00,-1.133072e+00,-1.159433e+00,-1.186358e+00,-1.213793e+00,-1.241692e+00,-1.270013e+00,-1.298717e+00
-1.313928e+00,-1.285663e+00,-1.257801e+00,-1.230378e+00,-1.203438e+00,-1.177025e+00,-1.151193e+00,-1.125999e+00,-1.101505e+00,-1.077782e+00,-1.054905e+00,-1.032957e+00,-1.012028e+00,-9.922121e-01,-9.736095e-01,-9.563228e-01,-9.404552e-01,-9.261070e-01,-9.133719e-01,-9.023325e-01,-8.930571e-01,-8.855965e-01,-8.799840e-01,-8.762371e-01,-8.743629e-01,-8.743630e-01,-8.762372e-01,-8.799840e-01,-8.855966e-01,-8.930571e-01,-9.023326e-01,-9.133720e-01,-9.261071e-01,-9.404553e-01,-9.563230e-01,-9.736096e-01,-9.922122e-01,-1.012028e+00,-1.032957e+00,-1.054905e+00,-1.077782e+00,-1.101506e+00,-1.125999e+00,-1.151194e+00,-1.177026e+00,-1.203438e+00,-1.230379e+00,-1.257801e+00,-1.285664e+00,-1.313928e+00
-1.330059e+00,-1.302247e+00,-1.274854e+00,-1.247919e+00,-1.221484e+00,-1.195594e+00,-1.170300e+00,-1.145657e+00,-1.121727e+00,-1.098576e+00,-1.076276e+00,-1.054905e+00,-1.034545e+00,-1.015283e+00,-9.972118e-01,-9.804234e-01,-9.650111e-01,-9.510660e-01,-9.386739e-01,-9.279127e-01,-9.188495e-01,-9.115393e-01,-9.060239e-01,-9.023323e-01,-9.004823e-01,-9.004824e-01,-9.023323e-01,-9.060240e-01,-9.115394e-01,-9.188495e-01,-9.279127e-01,-9.386740e-01,-9.510661e-01,-9.650112e-01,-9.804235e-01,-9.972120e-01,-1.015283e+00,-1.034545e+00,-1.054905e+00,-1.076276e+00,-1.098577e+00,-1.121728e+00,-1.145657e+00,-1.170300e+00,-1.195594e+00,-1.221484e+00,-1.247920e+00,-1.274855e+00,-1.302247e+00,-1.330060e+00
-1.347069e+00,-1.319718e+00,-1.292804e+00,-1.266365e+00,-1.240441e+00,-1.215079e+00,-1.190327e+00,-1.166240e+00,-1.142876e+00,-1.120299e+00,-1.098576e+00,-1.077782e+00,-1.057992e+00,-1.039289e+00,-1.021755e+00,-1.005476e+00,-9.905381e-01,-9.770233e-01,-9.650109e-01,-9.545739e-01,-9.457766e-01,-9.386737e-01,-9.333090e-01,-9.297148e-01,-9.279125e-01,-9.279125e-01,-9.297148e-01,-9.333090e-01,-9.386738e-01,-9.457767e-01,-9.545739e-01,-9.650110e-01,-9.770233e-01,-9.905382e-01,-1.005477e+00,-1.021755e+00,-1.039289e+00,-1.057992e+00,-1.077782e+00,-1.098576e+00,-1.120299e+00,-1.142876e+00,-1.166240e+00,-1.190327e+00,-1.215079e+00,-1.240441e+00,-1.266365e+00,-1.292804e+00,-1.319718e+00,-1.347069e+00
-1.364914e+00,-1.338031e+00,-1.311602e+00,-1.285663e+00,-1.260255e+00,-1.235423e+00,-1.211214e+00,-1.187682e+00,-1.164882e+00,-1.142876e+00,-1.121727e+00,-1.101505e+00,-1.082281e+00,-1.064132e+00,-1.047134e+00,-1.031366e+00,-1.016906e+00,-1.003830e+00,-9.922115e-01,-9.821176e-01,-9.736089e-01,-9.667376e-01,-9.615462e-01,-9.580672e-01,-9.563223e-01,-9.563223e-01,-9.580672e-01,-9.615462e-01,-9.667376e-01,-9.736090e-01,-9.821177e-01,-9.922116e-01,-1.003830e+00,-1.016906e+00,-1.031366e+00,-1.047134e+00,-1.064132e+00,-1.082282e+00,-1.101505e+00,-1.121727e+00,-1.142876e+00,-1.164882e+00,-1.187682e+00,-1.211214e+00,-1.235423e+00,-1.260255e+00,-1.285663e+00,-1.311602e+00,-1.338032e+00,-1.364914e+00
-1.383553e+00,-1.357143e+00,-1.331202e+00,-1.305765e+00,-1.280873e+00,-1.256571e+00,-1.232903e+00,-1.209922e+00,-1.187682e+00,-1.166239e+00,-1.145657e+00,-1.125998e+00,-1.107332e+00,-1.089727e+00,-1.073257e+00,-1.057992e+00,-1.044005e+00,-1.031366e+00,-1.020142e+00,-1.010394e+00,-1.002180e+00,-9.955481e-01,-9.905377e-01,-9.871801e-01,-9.854961e-01,-9.854961e-01,-9.871802e-01,-9.905378e-01,-9.955481e-01,-1.002180e+00,-1.010394e+00,-1.020142e+00,-1.031366e+00,-1.044005e+00,-1.057992e+00,-1.073257e+00,-1.089727e+00,-1.107332e+00,-1.125998e+00,-1.145657e+00,-1.166240e+00,-1.187682e+00,-1.209923e+00,-1.232904e+00,-1.256571e+00,-1.280874e+00,-1.305765e+00,-1.331202e+00,-1.357144e+00,-1.383554e+00
-1.402946e+00,-1.377011e+00,-1.351558e+00,-1.326623e+00,-1.302246e+00,-1.278470e+00,-1.255339e+00,-1.232903e+00,-1.211214e+00,-1.190326e+00,-1.170299e+00,-1.151192e+00,-1.133070e+00,-1.115998e+00,-1.100041e+00,-1.085267e+00,-1.071743e+00,-1.059531e+00,-1.048694e+00,-1.039288e+00,-1.031366e+00,-1.024971e+00,-1.020141e+00,-1.016905e+00,-1.015283e+00,-1.015283e+00,-1.016905e+00,-1.020141e+00,-1.024971e+00,-1.031366e+00,-1.039288e+00,-1.048694e+00,-1.059531e+00,-1.071743e+00,-1.085268e+00,-1.100041e+00,-1.115998e+00,-1.133070e+00,-1.151193e+00,-1.170299e+00,-1.190327e+00,-1.211214e+00,-1.232903e+00,-1.255339e+00,-1.278470e+00,-1.302247e+00,-1.326623e+00,-1.351558e+00,-1.377011e+00,-1.402947e+00
-1.423054e+00,-1.397594e+00,-1.372628e+00,-1.348192e+00,-1.324326e+00,-1.301071e+00,-1.278470e+00,-1.256570e+00,-1.235422e+00,-1.215078e+00,-1.195593e+00,-1.177024e+00,-1.159431e+00,-1.142875e+00,-1.127417e+00,-1.113119e+00,-1.100041e+00,-1.088243e+00,-1.077781e+00,-1.068706e+00,-1.061067e+00,-1.054904e+00,-1.050251e+00,-1.047133e+00,-1.045570e+00,-1.045570e+00,-1.047133e+00,-1.050251e+00,-1.054904e+00,-1.061067e+00,-1.068707e+00,-1.077781e+00,-1.088243e+00,-1.100041e+00,-1.113119e+00,-1.127417e+00,-1.142875e+00,-1.159431e+00,-1.177024e+00,-1.195593e+00,-1.215078e+00,-1.235422e+00,-1.256570e+00,-1.278470e+00,-1.301071e+00,-1.324326e+00,-1.348193e+00,-1.372628e+00,-1.397594e+00,-1.423054e+00
-1.443838e+00,-1.418851e+00,-1.394369e+00,-1.370429e+00,-1.347068e+00,-1.324326e+00,-1.302246e+00,-1.280873e+00,-1.260254e+00,-1.240440e+00,-1.221483e+00,-1.203436e+00,-1.186356e+00,-1.170299e+00,-1.155321e+00,-1.141481e+00,-1.128834e+00,-1.117433e+00,-1.107331e+00,-1.098575e+00,-1.091208e+00,-1.085267e+00,-1.080783e+00,-1.077781e+00,-1.076275e+00,-1.076275e+00,-1.077781e+00,-1.080783e+00,-1.085267e+00,-1.091208e+00,-1.098575e+00,-1.107331e+00,-1.117433e+00,-1.128834e+00,-1.141481e+00,-1.155321e+00,-1.170299e+00,-1.186356e+00,-1.203436e+00,-1.221483e+00,-1.240440e+00,-1.260254e+00,-1.280873e+00,-1.302246e+00,-1.324326e+00,-1.347068e+00,-1.370429e+00,-1.394369e+00,-1.418851e+00,-1.443839e+00
-1.465263e+00,-1.440745e+00,-1.416743e+00,-1.393292e+00,-1.370429e+00,-1.348192e+00,-1.326623e+00,-1.305764e+00,-1.285662e+00,-1.266364e+00,-1.247918e+00,-1.230377e+00,-1.213791e+00,-1.198214e+00,-1.183699e+00,-1.170298e+00,-1.158063e+00,-1.147043e+00,-1.137285e+00,-1.128833e+00,-1.121726e+00,-1.115997e+00,-1.111675e+00,-1.108782e+00,-1.107331e+00,-1.107331e+00,-1.108782e+00,-1.111675e+00,-1.115997e+00,-1.121726e+00,-1.128833e+00,-1.137286e+00,-1.147043e+00,-1.158063e+00,-1.170298e+00,-1.183699e+00,-1.198215e+00,-1.213791e+00,-1.230377e+00,-1.247918e+00,-1.266364e+00,-1.285662e+00,-1.305764e+00,-1.326623e+00,-1.348192e+00,-1.370429e+00,-1.393292e+00,-1.416743e+00,-1.440745e+00,-1.465263e+00
-1.487292e+00,-1.463239e+00,-1.439711e+00,-1.416743e+00,-1.394369e+00,-1.372627e+00,-1.351557e+00,-1.331201e+00,-1.311601e+00,-1.292803e+00,-1.274853e+00,-1.257799e+00,-1.241690e+00,-1.226575e+00,-1.212503e+00,-1.199522e+00,-1.187681e+00,-1.177024e+00,-1.167594e+00,-1.159431e+00,-1.152570e+00,-1.147043e+00,-1.142875e+00,-1.140084e+00,-1.138686e+00,-1.138686e+00,-1.140084e+00,-1.142875e+00,-1.147043e+00,-1.152570e+00,-1.159431e+00,-1.167594e+00,-1.177024e+00,-1.187681e+00,-1.199523e+00,-1.212503e+00,-1.226575e+00,-1.241690e+00,-1.257799e+00,-1.274853e+00,-1.292803e+00,-1.311601e+00,-1.331201e+00,-1.351557e+00,-1.372627e+00,-1.394369e+00,-1.416743e+00,-1.439712e+00,-1.463239e+00,-1.487293e+00
-1.509894e+00,-1.486300e+00,-1.463239e+00,-1.440744e+00,-1.418850e+00,-1.397593e+00,-1.377010e+00,-1.357142e+00,-1.338030e+00,-1.319717e+00,-1.302245e+00,-1.285662e+00,-1.270011e+00,-1.255338e+00,-1.241690e+00,-1.229111e+00,-1.217645e+00,-1.207332e+00,-1.198214e+00,-1.190325e+00,-1.183699e+00,-1.178363e+00,-1.174339e+00,-1.171647e+00,-1.170298e+00,-1.170298e+00,-1.171647e+00,-1.174339e+00,-1.178363e+00,-1.183699e+00,-1.190326e+00,-1.198214e+00,-1.207333e+00,-1.217645e+00,-1.229111e+00,-1.241690e+00,-1.255338e+00,-1.270011e+00,-1.285662e+00,-1.302246e+00,-1.319717e+00,-1.338030e+00,-1.357143e+00,-1.377010e+00,-1.397593e+00,-1.418850e+00,-1.440744e+00,-1.463239e+00,-1.486300e+00,-1.509894e+00
-1.533036e+00,-1.509894e+00,-1.487292e+00,-1.465262e+00,-1.443838e+00,-1.423053e+00,-1.402945e+00,-1.383552e+00,-1.364913e+00,-1.347067e+00,-1.330058e+00,-1.313926e+00,-1.298715e+00,-1.284466e+00,-1.271223e+00,-1.259027e+00,-1.247918e+00,-1.237934e+00,-1.229111e+00,-1.221482e+00,-1.215077e+00,-1.209921e+00,-1.206035e+00,-1.203436e+00,-1.202133e+00,-1.202133e+00,-1.203436e+00,-1.206035e+00,-1.209921e+00,-1.215077e+00,-1.221482e+00,-1.229111e+00,-1.237934e+00,-1.247918e+00,-1.259027e+00,-1.271223e+00,-1.284466e+00,-1.298715e+00,-1.313926e+00,-1.330058e+00,-1.347067e+00,-1.364913e+00,-1.383552e+00,-1.402946e+00,-1.423053e+00,-1.443838e+00,-1.465262e+00,-1.487292e+00,-1.509894e+00,-1.533036e+00
